RESPONSIBLE_DISTRICT,TX_SIGNED_HIGHWAY_RDBD_ID,TX_LENGTH_TOTAL,SEGMENT_COUNT,TX_CONDITION_SCORE,TX_DISTRESS_SCORE,TX_RIDE_SCORE,TX_AADT_CURRENT,TX_MAINTENANCE_COST_AMT
Abilene,BI0020HK,0.54,1,51.0,79.0,1.6,490.0,2885.0
Abilene,BI0020KK,40.7,81,44.16,81.61,1.91,757.91,4652.45
Abilene,BI0020NK,52.55,126,91.93,92.46,3.05,357.68,236.31
Abilene,BI0020RK,3.7,19,53.46,80.61,2.43,12974.26,164.96
Abilene,BI0020RL,1.74,9,48.74,98.8,2.32,10162.95,133.53
Abilene,BI0020RR,1.08,7,64.15,93.36,2.64,10074.16,104.33
Abilene,FM0089 K,0.25,1,73.0,91.0,2.83,68490.0,625.0
Abilene,FM1082 K,3.0,6,60.17,86.33,1.95,403.5,767.83
Abilene,FM3438 K,6.13,8,92.54,94.64,3.3,6721.38,3613.4
Abilene,IH0020 L,4.5,9,97.67,97.67,4.3,12342.92,1794.98
Abilene,IH0020 R,3.48,7,100.0,100.0,3.93,12555.83,1491.32
Abilene,SH0163 K,1.0,2,45.5,46.0,2.45,1600.0,120.0
Abilene,SH0206 K,2.0,4,88.75,89.25,3.33,3461.75,1340.5
Abilene,SH0350 K,3.0,6,32.83,81.0,2.06,6572.5,2790.83
Abilene,SH0351 L,0.88,2,64.0,100.0,3.29,8460.5,137.0
Abilene,SH0351 R,2.64,6,77.17,100.0,3.59,8967.67,63.33
Abilene,US0083 L,91.42,171,90.16,90.19,3.83,14347.08,692.41
Abilene,US0083 R,90.85,170,94.71,94.85,3.94,14117.22,733.92
Abilene,US0083 X,3.23,10,84.78,91.62,3.22,1626.79,525.3
Abilene,US0087 K,36.71,79,69.74,88.9,2.72,15513.11,1851.9
Abilene,US0087 L,0.5,1,100.0,100.0,4.5,2644.0,10.0
Abilene,US0087 R,0.5,1,100.0,100.0,5.0,2644.0,10.0
Amarillo,BI0040HL,6.69,20,69.85,90.78,2.25,199.97,1600.6
Amarillo,BI0040HR,13.07,38,74.72,79.37,2.68,190.45,887.04
Amarillo,FM0377 K,0.58,11,24.67,100.0,1.17,4329.57,44.71
Amarillo,FM0722 K,0.2,6,43.5,100.0,1.63,3306.83,905.33
Amarillo,FM1259 K,1.07,9,37.52,90.92,1.38,2394.76,364.64
Amarillo,FM1719 K,2.0,4,74.0,85.75,2.95,6598.0,328.0
Amarillo,FM2473 K,2.0,4,83.5,86.25,2.15,112.75,11.0
Amarillo,IH0027 L,654.53,1373,92.22,96.0,3.84,5617.63,1023.99
Amarillo,IH0027 R,629.99,1321,97.45,97.95,4.18,5584.07,1013.02
Amarillo,IH0027 X,4.51,10,96.45,96.45,2.58,162.0,915.96
Amarillo,IH0040 A,26.26,61,68.43,88.43,2.61,2623.9,4284.21
Amarillo,IH0040 L,1821.51,4041,88.64,90.69,3.96,7229.52,1399.64
Amarillo,IH0040 R,1658.85,3738,84.83,89.63,3.69,7035.84,1341.51
Amarillo,IH0040 X,11.02,22,51.44,88.92,2.39,4430.4,4654.64
Amarillo,RM1321 K,2.5,5,100.0,100.0,3.56,136.6,10.6
Amarillo,SH0070 K,1.0,2,0.0,0.0,2.56,1813.0,228.5
Amarillo,SH0152 K,5.54,24,64.66,86.89,2.77,8681.07,16684.71
Amarillo,SH0217 K,4.58,16,54.71,86.09,2.28,5865.16,7499.99
Amarillo,SL0271 K,0.55,6,78.87,99.37,1.99,71.13,0.63
Amarillo,SL0279 R,0.99,9,42.93,82.58,2.25,4838.17,0.0
Amarillo,SL0335 K,12.73,64,56.51,88.7,2.6,19669.42,2992.31
Amarillo,SL0335 L,0.33,1,20.0,71.0,1.87,13699.0,8.0
Amarillo,SL0335 R,0.33,1,25.0,71.0,2.03,13699.0,8.0
Amarillo,SS0468 K,5.23,23,56.61,82.12,2.58,5738.98,7494.13
Amarillo,SS0591 K,0.84,9,90.13,99.33,3.88,3725.37,505.25
Amarillo,US0054 K,8.17,15,52.95,96.14,2.33,6519.19,5770.32
Amarillo,US0060 K,12.0,24,69.66,85.29,3.11,6065.17,1679.46
Amarillo,US0060 L,31.04,77,77.41,85.64,3.23,12424.57,1249.29
Amarillo,US0060 R,30.31,83,74.56,83.76,3.23,13285.41,977.34
Amarillo,US0087 A,0.71,1,68.0,100.0,2.15,1681.0,1697.0
Amarillo,US0087 K,28.31,63,74.46,95.24,3.02,13777.48,2779.74
Amarillo,US0087 L,3.66,12,62.63,77.21,3.55,4415.48,918.65
Amarillo,US0087 R,3.48,11,68.01,86.77,3.43,4282.66,918.48
Amarillo,US0287 K,15.69,32,72.39,95.06,2.82,6760.56,2560.55
Amarillo,US0287 L,166.79,337,99.03,99.04,4.19,3523.93,1990.35
Amarillo,US0287 R,176.22,357,93.61,98.69,3.91,3529.75,2063.02
Amarillo,US0385 K,51.01,116,44.8,91.59,2.27,10201.11,3400.44
Atlanta,BU0059DR,0.2,2,47.5,100.0,1.3,1641.0,241.5
Atlanta,BU0079GK,1.14,6,29.67,45.17,2.6,8785.17,165.5
Atlanta,BU0271EK,7.16,15,87.63,90.68,3.53,16160.67,1996.98
Atlanta,BU0271EL,4.62,16,86.75,100.0,3.4,8087.33,269.77
Atlanta,FM0021 K,1.23,3,32.41,32.41,2.99,1287.13,5372.91
Atlanta,FM0127 K,1.88,5,99.2,100.0,3.41,3908.6,725.0
Atlanta,FM0248 K,0.5,1,100.0,100.0,3.87,238.0,0.0
Atlanta,FM0250 K,0.08,1,1.0,93.0,0.3,2918.0,270.0
Atlanta,FM0450 K,1.53,3,91.59,100.0,3.24,3275.68,3579.75
Atlanta,FM0558 K,2.5,5,100.0,100.0,3.46,2369.0,3628.8
Atlanta,FM0559 K,12.43,23,98.95,98.99,3.48,9646.5,1481.36
Atlanta,FM0989 K,2.36,9,75.01,100.0,2.76,4904.71,192.26
Atlanta,FM1397 K,0.5,1,65.0,95.0,2.65,8405.0,3.0
Atlanta,FM1840 K,0.66,6,36.43,100.0,1.55,2125.42,798.56
Atlanta,FM2683 K,0.14,4,15.25,97.0,0.6,321.5,12.25
Atlanta,FM2878 K,0.68,8,86.21,100.0,2.66,2820.09,330.45
Atlanta,FM3129 K,12.24,24,92.62,93.07,3.79,3434.35,885.51
Atlanta,FM3535 K,1.0,3,64.99,95.11,2.19,1017.47,0.0
Atlanta,FM4000 K,2.43,10,99.05,100.0,4.04,4196.53,21528.88
Atlanta,IH0030 A,20.51,47,94.93,98.62,3.18,9427.48,2334.56
Atlanta,IH0030 L,35.74,89,0.0,0.0,4.0,8302.3,641.24
Atlanta,IH0030 R,35.94,90,0.0,0.0,4.05,8299.72,638.54
Atlanta,IH0030 X,18.4,39,91.48,97.23,3.05,4229.32,2619.96
Atlanta,IH0369 A,4.54,9,94.28,97.03,3.42,5120.16,1603.14
Atlanta,IH0369 L,10.79,25,75.18,90.36,3.29,14503.43,685.1
Atlanta,IH0369 R,7.1,17,84.8,92.25,3.66,14331.42,699.96
Atlanta,IH0369 X,3.04,6,99.67,99.67,3.46,5806.8,2173.88
Atlanta,SH0043 K,3.66,12,83.68,83.7,4.07,9355.68,11229.67
Atlanta,SH0049 K,5.45,15,73.51,77.36,3.44,15293.83,6357.56
Atlanta,SH0093 K,4.78,18,78.66,97.9,2.99,7707.13,489.95
Atlanta,SH0098 K,0.23,6,55.67,100.0,1.93,1248.17,42.67
Atlanta,SH0149 L,5.76,12,59.04,63.5,3.05,3949.02,7173.05
Atlanta,SH0149 R,7.45,15,51.9,53.55,3.28,4567.51,6781.22
Atlanta,SH0155 K,6.46,15,94.87,97.89,4.3,7352.36,489.0
Atlanta,SH0155 L,1.16,8,83.77,100.0,2.9,3875.82,144.12
Atlanta,SL0014 K,0.15,2,48.0,100.0,2.3,12588.0,1677.5
Atlanta,SL0151 A,3.42,9,80.02,83.77,3.51,1392.61,323.39
Atlanta,SL0151 L,61.5,127,81.59,82.16,3.62,5715.31,894.71
Atlanta,SL0151 R,62.81,133,82.12,84.07,3.59,5703.51,882.4
Atlanta,SL0151 X,1.5,3,91.33,92.0,2.81,1358.33,403.67
Atlanta,SL0255 K,1.81,6,100.0,100.0,2.87,954.54,0.0
Atlanta,SL0281 L,2.5,5,98.8,98.8,3.68,8962.8,161.6
Atlanta,SL0281 R,3.0,6,97.17,97.17,3.95,9500.0,492.33
Atlanta,SS0572 K,0.97,10,89.8,99.21,3.01,4219.75,49.59
Atlanta,SS0594 K,6.12,17,90.89,100.0,2.74,2463.28,100.8
Atlanta,US0059 K,185.44,383,85.2,86.0,3.67,11379.97,4358.75
Atlanta,US0059 L,258.04,526,86.98,88.01,4.01,5119.41,2414.9
Atlanta,US0059 R,262.19,538,80.39,81.64,3.86,5152.23,2463.73
Atlanta,US0067 K,3.0,6,56.67,69.67,2.88,10528.83,27147.17
Atlanta,US0079 K,2.73,13,52.86,96.24,2.2,5767.82,452.83
Atlanta,US0079 L,31.72,59,68.5,75.77,3.0,5291.93,1145.57
Atlanta,US0079 R,31.58,59,52.75,58.58,3.04,5310.7,1139.28
Atlanta,US0080 K,2.87,6,100.0,100.0,4.51,16544.83,3831.67
Atlanta,US0082 K,88.02,175,99.36,99.42,4.21,8380.49,2644.16
Atlanta,US0259 K,10.59,24,77.07,79.4,2.97,1866.79,853.8
Atlanta,US0271 A,4.0,8,100.0,100.0,3.87,499.0,1290.88
Atlanta,US0271 K,0.4,1,100.0,100.0,3.9,23786.0,8943.0
Atlanta,US0271 L,57.75,117,96.17,96.51,3.9,6278.06,1309.1
Atlanta,US0271 R,48.8,101,97.18,97.47,3.92,6020.67,1239.79
Atlanta,US0271 X,10.17,27,94.45,95.57,3.78,1371.96,1181.74
Austin,FM0734 L,1.5,3,96.98,96.98,4.32,16783.42,4453.16
Austin,FM0734 R,1.5,3,94.33,94.33,4.23,18418.0,4155.33
Austin,FM0969 K,3.5,7,73.29,93.0,2.86,35768.14,3660.29
Austin,IH0010 A,6.0,12,0.0,0.0,0.0,138.17,405.33
Austin,IH0035 A,3.49,7,99.57,99.57,3.99,1725.54,1000.17
Austin,IH0035 L,54.25,109,94.58,94.68,3.89,77450.69,1006.55
Austin,IH0035 R,49.05,99,94.75,95.97,3.72,78460.84,1045.92
Austin,IH0035 X,1.5,3,69.1,78.05,3.16,2548.24,1711.82
Austin,RM0012 K,1.48,2,45.25,51.42,2.97,11934.81,57595.21
Austin,RM0620 L,1.17,2,50.0,50.0,3.27,16999.5,708.0
Austin,RM0620 R,1.17,2,46.0,50.0,3.11,16999.5,708.0
Austin,SH0029 L,0.72,1,98.0,100.0,3.19,3042.0,10.0
Austin,SH0029 R,0.72,1,88.0,100.0,2.97,3042.0,10.0
Austin,SH0045 A,3.27,6,81.63,100.0,2.83,6710.71,2881.25
Austin,SH0045 L,319.54,674,99.41,99.59,3.98,15254.7,809.73
Austin,SH0045 R,347.75,671,88.91,99.08,3.95,13877.86,736.99
Austin,SH0045 X,2.5,4,99.68,100.0,3.58,14347.66,982.59
Austin,SH0071 A,0.46,2,89.98,100.0,3.34,9068.7,42.21
Austin,SH0071 L,70.02,152,98.73,99.5,3.8,37132.11,517.11
Austin,SH0071 R,70.03,152,99.53,99.78,3.89,36873.12,516.23
Austin,SH0130 A,41.3,100,96.28,98.72,3.46,2406.14,3499.22
Austin,SH0130 L,739.91,1506,93.51,95.46,3.94,12426.84,1826.06
Austin,SH0130 R,737.29,1506,92.95,94.48,3.98,12416.66,1798.14
Austin,SH0130 X,34.3,85,98.98,99.5,3.52,2713.49,3203.18
Austin,SH0195 K,1.09,2,98.0,98.0,4.06,1890.5,267.5
Austin,SH0195 L,0.21,1,100.0,100.0,4.3,15023.0,979.0
Austin,SH0195 R,0.88,4,91.88,100.0,3.23,16835.62,317.21
Austin,SL0001 A,0.5,1,100.0,100.0,3.64,21656.0,0.0
Austin,SL0001 L,57.1,148,96.49,96.83,3.79,32152.35,2344.89
Austin,SL0001 R,58.64,149,97.97,97.97,3.83,31520.44,2277.16
Austin,SL0082 K,1.55,2,65.0,98.0,2.63,39180.0,0.0
Austin,SL0360 L,0.9,2,100.0,100.0,3.33,42364.93,245.68
Austin,SL0360 R,1.36,3,85.32,90.66,3.27,45745.17,0.0
Austin,US0183 A,19.42,40,91.66,92.89,3.38,8391.22,18.85
Austin,US0183 L,353.34,784,92.17,95.33,3.57,53380.91,441.34
Austin,US0183 R,347.69,776,92.19,95.26,3.65,53959.71,436.03
Austin,US0183 X,22.71,45,93.79,97.31,3.39,6570.72,16.83
Austin,US0290 L,195.98,460,95.16,98.03,3.69,37469.34,313.8
Austin,US0290 R,195.53,458,91.37,97.57,3.55,37581.92,314.14
Beaumont,BS0105TK,2.5,5,48.2,79.4,2.52,9654.8,1862.8
Beaumont,BU0090YK,112.72,234,62.94,78.5,2.92,8253.9,2364.88
Beaumont,BU0090YL,12.85,25,64.83,69.57,2.57,2830.08,429.14
Beaumont,FM0105 K,54.5,115,86.25,94.1,3.37,9037.6,1850.13
Beaumont,FM0163 K,14.85,32,99.21,100.0,3.39,1742.64,295.47
Beaumont,FM0364 K,10.53,20,90.24,98.3,3.32,9174.13,2962.83
Beaumont,FM0364 L,0.55,3,96.67,100.0,3.14,4482.67,490.0
Beaumont,FM0364 R,0.55,3,97.67,100.0,3.18,4482.67,492.67
Beaumont,FM0366 K,35.05,74,78.02,80.9,3.46,12758.5,5069.26
Beaumont,FM0366 L,15.03,49,61.24,75.28,2.75,6518.38,5540.78
Beaumont,FM0366 R,8.15,36,41.59,58.15,2.53,6463.74,919.79
Beaumont,FM0408 K,14.5,29,80.34,90.59,2.96,3727.86,1386.76
Beaumont,FM0565 K,0.6,3,94.67,100.0,3.33,7545.0,14162.33
Beaumont,FM0565 L,4.74,12,59.73,100.0,2.06,4260.8,7428.88
Beaumont,FM0565 R,4.73,12,77.21,98.94,2.81,4260.5,7434.99
Beaumont,FM1006 K,0.1,1,38.0,100.0,2.1,6038.0,67.0
Beaumont,FM1006 L,0.22,1,13.0,100.0,0.95,2850.0,71.0
Beaumont,FM1130 K,0.5,1,100.0,100.0,3.46,6118.0,0.0
Beaumont,FM1405 K,3.5,7,33.71,91.43,2.08,7300.0,2296.43
Beaumont,FM1942 K,0.0,1,1.0,100.0,0.1,7622.0,0.0
Beaumont,FM1960 K,0.51,1,0.0,0.0,3.63,6951.0,1818.0
Beaumont,FM2245 K,0.16,4,10.0,98.25,0.85,510.75,88.25
Beaumont,FM2246 K,0.23,6,85.33,85.33,3.77,4438.0,198.33
Beaumont,FM2354 K,0.11,4,7.5,98.5,0.98,3176.25,6.25
Beaumont,FM3180 K,1.5,3,71.67,92.0,3.57,17283.67,5581.67
Beaumont,FM3514 R,0.12,1,65.0,100.0,2.1,1230.0,0.0
Beaumont,IH0010 A,208.72,480,75.11,88.79,2.97,3807.88,1704.97
Beaumont,IH0010 L,639.1,1347,94.4,96.47,3.77,27277.77,1706.7
Beaumont,IH0010 R,646.47,1355,94.33,96.32,3.78,27351.27,1670.45
Beaumont,IH0010 X,201.89,447,74.7,86.15,2.92,3001.25,1814.25
Beaumont,IH0069 L,0.9,9,91.82,100.0,3.2,23145.66,820.57
Beaumont,IH0069 R,0.86,6,86.99,86.99,3.81,22679.17,917.39
Beaumont,IH0069 X,0.24,4,100.0,100.0,3.98,1637.11,170.63
Beaumont,RE0255 K,0.06,1,0.0,0.0,3.2,568.0,0.0
Beaumont,SH0012 K,317.23,658,83.99,86.5,3.93,7976.47,1998.67
Beaumont,SH0062 A,1.22,6,98.33,98.33,3.2,55.0,2535.83
Beaumont,SH0062 X,1.39,7,97.51,97.51,2.86,30.99,3198.09
Beaumont,SH0073 A,45.15,98,20.21,24.62,2.65,2427.32,1024.82
Beaumont,SH0073 K,10.92,23,99.16,100.0,3.34,30496.93,2841.89
Beaumont,SH0073 L,69.27,163,27.57,34.56,2.9,12807.38,1239.77
Beaumont,SH0073 R,80.29,178,43.34,50.43,3.11,12479.72,1746.52
Beaumont,SH0073 X,44.57,96,20.75,23.03,2.74,2559.63,1128.62
Beaumont,SH0082 K,3.06,6,24.88,32.22,2.69,4489.03,6243.71
Beaumont,SH0087 K,172.28,354,74.66,86.79,3.1,12208.61,5000.43
Beaumont,SH0087 L,1.26,10,75.35,99.74,3.12,8584.1,4582.17
Beaumont,SH0087 R,3.41,13,71.06,100.0,2.72,9932.18,3631.82
Beaumont,SH0099 A,15.81,42,96.92,98.82,3.68,371.66,1.17
Beaumont,SH0099 K,25.73,52,95.09,95.98,4.19,6810.44,6.41
Beaumont,SH0099 L,209.39,322,80.65,99.42,3.41,5904.23,5.33
Beaumont,SH0099 R,209.2,323,69.26,99.26,2.87,5673.94,5.31
Beaumont,SH0099 X,10.14,21,93.97,96.93,3.84,432.36,0.49
Beaumont,SH0105 K,35.2,74,78.58,83.7,3.4,10245.09,4022.24
Beaumont,SH0124 L,2.97,8,100.0,100.0,4.26,5418.22,1799.61
Beaumont,SH0146 K,31.83,69,62.64,71.77,3.22,13349.92,194.89
Beaumont,SH0146 L,0.3,1,44.0,100.0,2.24,17890.0,27.0
Beaumont,SH0321 K,0.8,5,8.8,100.0,0.66,17262.8,1.8
Beaumont,SH0321 R,1.71,3,71.58,76.14,3.22,5467.04,3454.64
Beaumont,SH0327 L,43.49,89,83.94,93.13,3.28,4600.75,972.62
Beaumont,SH0327 R,31.42,63,70.28,82.17,2.89,4619.81,907.33
Beaumont,SH0347 K,35.92,76,54.91,66.29,3.05,20307.94,17137.59
Beaumont,SH0347 L,58.09,134,46.31,59.7,2.94,10264.67,3762.93
Beaumont,SH0347 R,111.69,249,64.43,75.24,3.24,10454.12,7458.69
Beaumont,SL0573 L,2.0,4,93.5,93.5,4.12,2279.25,551.0
Beaumont,SL0573 R,14.02,26,40.24,41.59,2.83,2394.51,553.76
Beaumont,SS0215 K,3.58,9,20.6,81.13,1.85,5651.67,53321.97
Beaumont,SS0380 A,3.49,7,71.53,82.65,2.48,997.06,13.29
Beaumont,SS0380 K,5.67,17,50.13,61.87,2.94,21308.26,0.0
Beaumont,SS0380 L,17.38,36,46.65,65.03,2.76,12274.26,0.0
Beaumont,SS0380 R,8.64,16,29.84,44.86,2.89,12094.32,0.0
Beaumont,SS0380 X,1.16,3,75.44,88.54,3.1,7141.09,45.45
Beaumont,US0059 A,2.04,6,93.14,93.14,3.59,281.03,37.24
Beaumont,US0059 L,22.37,45,70.24,81.64,3.46,13782.06,350.12
Beaumont,US0059 R,48.02,98,44.94,49.04,3.22,14332.75,996.72
Beaumont,US0059 X,0.98,4,98.02,98.02,3.5,499.0,31.8
Beaumont,US0069 A,92.66,205,89.77,94.28,3.33,6810.36,3115.84
Beaumont,US0069 K,0.41,1,100.0,100.0,4.83,2414.0,2460.0
Beaumont,US0069 L,141.17,326,65.71,81.88,3.05,20644.07,1721.1
Beaumont,US0069 R,155.19,360,60.17,71.29,3.02,20400.15,1703.27
Beaumont,US0069 X,89.04,203,81.11,87.01,3.32,3748.15,3389.87
Beaumont,US0090 K,24.78,53,67.21,71.73,3.32,11855.31,3313.29
Beaumont,US0090 L,26.67,69,83.47,87.99,3.48,4944.18,1778.59
Beaumont,US0090 R,94.21,209,66.96,74.17,3.27,5001.47,2054.82
Beaumont,US0096 A,9.52,17,53.7,91.78,1.99,3720.12,1308.81
Beaumont,US0096 K,158.57,317,94.12,94.92,4.0,9926.42,1018.3
Beaumont,US0096 L,139.92,285,83.57,85.27,3.63,6329.51,1759.11
Beaumont,US0096 R,32.96,71,66.64,75.58,3.13,6097.02,891.44
Beaumont,US0096 X,10.82,20,61.29,89.65,2.33,2390.62,1597.23
Beaumont,US0190 K,0.18,1,0.0,0.0,3.2,3974.0,5948.0
Brownwood,FM2657 K,0.35,6,37.83,100.0,2.07,9155.33,209.83
Brownwood,IH0020 A,2.56,6,100.0,100.0,3.71,27.34,2358.87
Brownwood,IH0020 L,55.27,112,99.38,99.38,4.08,11512.54,1755.01
Brownwood,IH0020 R,64.65,134,97.72,98.5,4.21,10895.86,1447.75
Brownwood,US0190 K,0.18,2,78.85,100.0,3.06,14472.95,96.25
Bryan,BS0006RR,0.4,1,100.0,100.0,3.8,18500.0,15.0
Bryan,BS0036JK,0.62,6,30.83,94.17,1.98,17376.67,7.17
Bryan,BU0290FL,0.19,1,0.0,100.0,0.0,1498.0,19.0
Bryan,BU0290FR,0.29,2,33.53,100.0,1.49,1429.92,17.24
Bryan,FM0488 K,1.5,3,93.67,93.67,3.52,2048.67,573.0
Bryan,FM0577 K,0.8,9,35.8,100.0,2.03,5872.33,728.0
Bryan,FM0975 K,0.11,5,1.4,96.8,0.2,1989.2,323.6
Bryan,FM1179 K,0.2,6,67.33,100.0,2.56,27022.5,1742.0
Bryan,FM1179 L,2.35,9,59.88,100.0,2.52,14614.97,4557.98
Bryan,FM1179 R,2.33,9,46.41,100.0,2.27,14611.65,4491.0
Bryan,FM1374 K,0.67,5,81.4,100.0,2.86,3249.0,437.6
Bryan,FM1375 K,2.0,4,71.5,100.0,2.64,5878.0,2589.25
Bryan,FM1774 L,0.03,1,84.0,100.0,2.9,4522.0,11.0
Bryan,FM1774 R,0.02,1,19.0,100.0,1.6,4522.0,9.0
Bryan,FM2095 K,0.08,3,16.67,100.0,1.07,1612.33,36.67
Bryan,FM2154 A,0.61,3,66.33,100.0,3.23,4240.0,134.67
Bryan,FM2154 L,4.0,8,100.0,100.0,3.71,17240.25,1357.0
Bryan,FM2154 R,4.0,8,99.0,99.0,3.73,17240.25,1357.0
Bryan,FM2347 L,1.2,3,85.08,100.0,2.92,9150.0,0.0
Bryan,FM2818 A,1.48,8,76.59,100.0,2.78,8072.21,235.81
Bryan,FM2818 K,4.16,14,100.0,100.0,3.57,13236.05,1294.39
Bryan,FM2818 L,13.29,23,97.63,98.57,3.55,15448.99,719.68
Bryan,FM2818 R,8.0,16,90.88,95.31,3.36,17372.44,735.19
Bryan,IH0045 A,68.79,144,78.97,83.43,2.52,417.55,484.36
Bryan,IH0045 L,228.25,511,73.27,76.94,3.88,15207.88,1461.52
Bryan,IH0045 R,228.87,506,80.08,84.62,3.92,15269.53,1452.48
Bryan,IH0045 X,36.92,74,80.0,86.29,2.7,951.69,1120.54
Bryan,PR0040 K,1.5,3,100.0,100.0,3.13,1068.33,7314.67
Bryan,SH0006 A,22.89,49,97.32,98.82,3.55,4069.34,3408.76
Bryan,SH0006 L,120.78,247,91.11,91.28,4.08,14843.56,2267.55
Bryan,SH0006 R,120.98,248,91.47,91.82,3.99,14831.07,2274.75
Bryan,SH0006 X,18.0,36,95.72,96.92,3.51,151.5,2855.47
Bryan,SH0019 K,3.02,10,78.24,79.85,3.4,14148.45,11936.35
Bryan,SH0019 L,2.78,4,100.0,100.0,4.27,6667.59,8606.66
Bryan,SH0019 R,3.64,5,97.0,97.0,4.27,6587.99,7746.42
Bryan,SH0021 L,0.14,1,0.0,0.0,3.7,7360.0,401.0
Bryan,SH0030 A,1.06,3,86.26,100.0,2.77,983.02,772.16
Bryan,SH0030 L,8.52,18,100.0,100.0,3.57,6370.9,937.24
Bryan,SH0030 R,8.54,18,99.95,100.0,3.54,6366.64,939.33
Bryan,SH0036 A,1.49,7,92.16,100.0,2.23,315.91,1804.31
Bryan,SH0036 K,8.86,21,86.18,94.37,4.01,14294.54,2829.5
Bryan,SH0036 R,8.15,16,100.0,100.0,3.97,6958.51,5007.17
Bryan,SH0036 X,1.9,7,98.39,100.0,3.16,267.45,2165.92
Bryan,SH0075 K,4.12,9,62.3,96.94,2.38,3666.83,1939.06
Bryan,SH0105 K,0.38,1,0.0,0.0,3.93,5735.0,52.0
Bryan,SH0150 K,7.04,17,93.62,96.42,3.4,3554.57,744.34
Bryan,SH0179 K,0.16,1,13.0,85.0,1.05,1788.0,31.0
Bryan,SH0249 K,10.08,22,100.0,100.0,4.31,5788.0,0.0
Bryan,SH0249 L,4.74,9,100.0,100.0,4.14,2018.06,0.0
Bryan,SH0249 R,4.75,9,100.0,100.0,4.09,2017.61,0.0
Bryan,US0077 K,11.61,27,86.34,90.6,3.36,12900.29,2308.78
Bryan,US0077 L,44.46,89,99.16,99.16,4.09,4996.45,776.19
Bryan,US0077 R,44.74,91,99.17,99.83,3.83,4974.89,763.21
Bryan,US0079 K,21.48,50,89.4,90.75,3.58,11416.49,3052.11
Bryan,US0079 L,3.63,14,80.29,96.47,2.84,6256.36,1030.76
Bryan,US0079 R,3.64,16,94.07,99.98,3.65,6250.1,1021.92
Bryan,US0190 K,0.75,4,80.0,90.0,3.32,11963.0,1142.75
Bryan,US0190 L,4.01,8,0.0,0.0,3.12,5622.29,85.82
Bryan,US0190 R,4.01,8,0.0,0.0,2.94,5622.29,85.82
Bryan,US0287 K,2.52,7,87.04,87.04,3.55,3407.68,3960.82
Bryan,US0290 A,2.85,6,78.17,95.83,2.87,8014.32,1657.37
Bryan,US0290 L,15.82,32,87.71,88.88,3.58,12283.24,1870.11
Bryan,US0290 R,16.69,34,88.71,89.82,3.61,12248.29,1868.33
Childress,FM1547 K,7.71,13,71.37,100.0,2.69,389.43,2834.12
Childress,FM3075 K,0.33,3,16.33,66.0,0.83,57.67,1228.33
Childress,IH0040 A,12.79,25,86.59,91.84,2.59,71.95,583.85
Childress,IH0040 L,808.42,1668,93.97,94.3,4.06,6384.5,321.72
Childress,IH0040 R,841.44,1735,92.99,93.86,4.0,6386.96,347.27
Childress,SL0328 K,1.32,3,78.33,94.13,1.91,124.0,84.8
Childress,US0062 K,13.41,27,94.15,97.95,3.65,5687.76,257.05
Childress,US0070 K,0.93,6,97.16,99.0,4.08,1170.32,251.87
Childress,US0287 K,53.12,109,79.16,90.19,3.37,12603.18,1991.69
Childress,US0287 L,3.97,7,90.85,90.85,4.02,8298.04,3304.48
Childress,US0287 R,6.59,12,82.02,82.02,4.03,7185.24,2245.8
Corpus Christi,FM0665 K,2.6,5,35.77,36.73,3.62,6019.23,1114.96
Corpus Christi,FM2040 K,12.77,30,97.63,97.63,4.2,258.25,131.17
Corpus Christi,FM3088 K,4.0,8,88.75,95.88,2.56,1785.5,3893.62
Corpus Christi,IH0037 A,215.28,443,95.76,96.25,2.96,115.16,644.6
Corpus Christi,IH0037 L,88.09,184,93.65,93.65,4.29,7444.68,681.64
Corpus Christi,IH0037 X,51.54,110,92.63,96.46,2.8,83.89,254.02
Corpus Christi,IH0069EL,0.5,1,100.0,100.0,4.5,9749.0,0.0
Corpus Christi,IH0069ER,1.49,3,99.67,99.67,4.87,11527.82,152.61
Corpus Christi,PR0022 L,3.0,6,66.67,66.67,3.87,16290.5,616.83
Corpus Christi,SH0035 K,8.15,19,48.5,48.5,3.46,7972.89,218.85
Corpus Christi,SH0035 L,3.48,5,68.96,96.08,2.7,18784.98,449.69
Corpus Christi,SH0035 R,0.5,1,71.0,100.0,2.7,17285.0,2.0
Corpus Christi,SH0188 K,1.12,3,55.6,98.47,2.35,3886.03,197.98
Corpus Christi,SH0358 L,2.0,4,50.0,50.0,3.83,30987.25,8784.0
Corpus Christi,SH0359 K,50.4,105,97.68,97.97,3.87,4347.77,530.92
Corpus Christi,SH0359 L,3.3,10,98.98,98.98,3.9,2100.0,534.51
Corpus Christi,SH0359 R,3.3,10,97.29,97.29,3.41,2100.0,534.51
Corpus Christi,SS0544 K,0.57,1,4.0,79.0,1.11,5081.0,436.0
Corpus Christi,UA0281 K,201.8,399,89.02,90.4,2.94,573.9,1335.06
Corpus Christi,US0059 K,477.14,965,90.61,92.14,3.64,4275.02,2837.36
Corpus Christi,US0059 L,2.9,6,83.81,83.81,4.19,3397.47,563.82
Corpus Christi,US0077 L,150.81,327,89.03,89.78,3.88,8455.22,1766.56
Corpus Christi,US0077 R,86.26,195,87.66,87.95,4.13,10036.37,2460.39
Corpus Christi,US0181 L,7.5,15,21.73,26.67,3.31,22723.67,756.6
Corpus Christi,US0181 R,6.0,12,34.0,41.67,3.03,22045.58,906.5
Corpus Christi,US0281 K,29.99,67,77.3,79.93,3.46,15104.06,3855.73
Corpus Christi,US0281 L,9.28,24,81.27,84.24,3.48,3734.36,3334.64
Corpus Christi,US0281 R,16.8,54,91.9,92.53,3.97,3201.25,1382.29
Dallas,BI0045FA,2.41,6,46.83,96.5,2.18,4223.83,332.24
Dallas,BI0045FK,0.5,1,25.0,74.0,2.0,7634.0,1000.0
Dallas,BI0045FL,5.09,15,96.11,98.8,3.63,4931.6,143.83
Dallas,BI0045FR,4.81,15,91.89,96.98,3.73,6131.51,200.15
Dallas,BI0045FX,2.42,6,80.35,96.34,2.41,3616.46,293.38
Dallas,BI0045HK,1.1,2,85.91,85.91,2.85,2281.82,242.45
Dallas,BI0045JK,18.58,53,86.45,98.51,2.88,3540.83,744.34
Dallas,BS0031DK,3.46,7,83.27,93.08,3.07,20760.38,2590.78
Dallas,BS0034AK,0.01,1,84.0,100.0,2.9,3312.0,0.0
Dallas,BS0034AR,0.0,1,0.0,100.0,0.0,3931.0,0.0
Dallas,BS0078EK,1.0,2,34.0,85.0,1.84,3519.5,11861.0
Dallas,BS0078EL,0.25,2,0.0,0.0,0.95,1901.0,1159.5
Dallas,BS0078ER,0.93,8,0.0,0.0,0.24,1462.86,383.88
Dallas,BS0078GK,0.18,4,89.0,100.0,2.15,924.5,13.75
Dallas,BS0114KK,0.14,1,32.0,56.0,2.45,5311.0,150.0
Dallas,BS0121HL,11.2,24,68.83,100.0,2.54,17022.1,744.26
Dallas,BS0121HR,4.5,10,56.8,100.0,2.14,18600.0,24.0
Dallas,FM0006 K,0.25,6,47.0,100.0,2.27,8312.17,231.33
Dallas,FM0066 K,1.0,2,2.5,11.5,1.25,1304.0,459.0
Dallas,FM0075 K,6.11,12,41.57,95.94,1.65,4107.63,6537.22
Dallas,FM0148 K,0.06,2,1.0,88.44,0.1,13872.73,476.91
Dallas,FM0156 K,14.84,30,66.63,66.63,2.84,11778.56,75.75
Dallas,FM0156 L,15.38,32,100.0,100.0,4.18,5594.5,6.53
Dallas,FM0156 R,15.37,32,99.97,100.0,3.86,5594.71,6.51
Dallas,FM0407 K,29.48,64,84.35,90.33,3.68,17236.35,1245.05
Dallas,FM0407 L,32.45,66,97.02,98.33,3.58,10065.4,318.08
Dallas,FM0407 R,32.99,67,90.14,94.19,3.42,10099.14,281.87
Dallas,FM0423 K,16.91,34,88.43,94.97,3.27,20627.5,1167.56
Dallas,FM0423 L,77.51,166,86.11,90.21,3.51,18862.35,727.56
Dallas,FM0423 R,77.95,168,92.09,95.34,3.47,18787.5,724.58
Dallas,FM0426 K,1.97,11,96.45,96.6,3.48,1200.33,456.65
Dallas,FM0455 K,5.16,11,90.64,99.57,3.26,10890.04,1032.58
Dallas,FM0455 L,10.41,22,94.58,98.89,3.31,5826.43,568.82
Dallas,FM0455 R,10.4,22,87.6,97.0,3.03,5826.99,568.78
Dallas,FM0544 K,13.34,29,85.01,94.96,3.15,9315.98,291.74
Dallas,FM0544 L,47.3,101,74.49,91.54,2.93,10841.67,437.46
Dallas,FM0544 R,47.35,101,77.28,95.66,2.95,10840.71,437.22
Dallas,FM0546 K,16.9,34,95.21,96.49,3.64,15271.8,908.11
Dallas,FM0546 L,14.81,33,89.49,96.84,3.27,8710.23,488.45
Dallas,FM0546 R,14.78,33,88.12,96.19,3.24,8713.47,488.69
Dallas,FM0548 K,4.0,8,32.75,90.25,1.99,25390.5,5251.5
Dallas,FM0549 K,2.37,7,84.9,99.5,2.98,6382.65,1042.08
Dallas,FM0550 K,0.37,3,49.33,100.0,2.31,4975.0,14.0
Dallas,FM0660 K,4.0,8,65.25,97.75,2.13,953.12,3661.38
Dallas,FM0664 K,6.88,20,93.31,98.6,3.63,15728.66,390.78
Dallas,FM0664 L,6.1,14,100.0,100.0,3.9,12388.5,1738.65
Dallas,FM0664 R,6.1,14,99.18,99.18,3.89,12388.5,1738.71
Dallas,FM0688 K,0.1,1,90.0,100.0,2.5,1550.0,4956.0
Dallas,FM0720 K,28.66,63,87.81,91.88,3.44,17858.4,87.58
Dallas,FM0720 L,44.32,89,89.49,96.87,3.24,13584.63,104.83
Dallas,FM0720 R,44.64,87,86.56,97.34,3.15,13504.39,104.71
Dallas,FM0740 K,40.61,80,74.47,92.73,3.02,16198.08,4728.45
Dallas,FM0740 L,8.14,22,81.11,95.68,2.99,10810.43,623.48
Dallas,FM0740 R,8.02,23,90.26,95.26,3.3,10597.21,605.92
Dallas,FM0741 K,3.33,16,84.31,95.43,3.17,6432.6,2197.9
Dallas,FM0741 L,14.31,26,97.88,98.79,3.45,3958.82,2598.37
Dallas,FM0741 R,14.3,26,96.73,96.73,3.65,3958.18,2595.9
Dallas,FM0813 K,1.04,2,38.5,86.0,2.25,17321.0,2067.0
Dallas,FM0813 L,0.22,2,22.0,97.5,1.7,8661.0,216.0
Dallas,FM0877 K,0.02,1,78.0,100.0,2.3,2154.0,268.0
Dallas,FM0982 K,13.64,38,90.13,94.22,3.23,10338.02,1884.42
Dallas,FM1126 K,0.5,1,100.0,100.0,4.6,1129.0,3.0
Dallas,FM1171 K,22.01,48,90.72,96.35,3.35,9289.98,990.23
Dallas,FM1171 L,80.75,167,94.28,97.18,3.45,10009.75,118.8
Dallas,FM1171 R,82.32,171,92.54,95.75,3.47,9970.3,142.18
Dallas,FM1183 K,2.5,5,82.2,100.0,3.57,931.6,123.4
Dallas,FM1382 K,0.25,1,84.0,100.0,2.9,18891.0,301.0
Dallas,FM1382 L,1.29,7,30.88,84.24,2.07,11641.37,1851.89
Dallas,FM1382 R,5.53,16,88.39,99.91,3.28,11528.6,4149.64
Dallas,FM1387 K,4.0,8,100.0,100.0,3.64,4988.12,8337.12
Dallas,FM1830 K,0.14,4,33.98,100.0,1.94,9500.7,118.43
Dallas,FM2181 K,14.25,30,87.35,95.28,3.22,15582.53,217.57
Dallas,FM2181 L,20.17,41,93.78,95.17,3.44,8537.81,91.13
Dallas,FM2181 R,20.21,41,88.05,98.96,3.11,8539.28,91.11
Dallas,FM2281 L,8.46,29,61.73,99.53,2.33,5520.55,117.38
Dallas,FM2281 R,12.24,41,73.25,100.0,2.6,5971.63,484.18
Dallas,FM2449 K,2.5,5,63.8,63.8,2.45,114.8,3912.0
Dallas,FM2478 K,6.06,14,94.45,94.74,3.59,13429.32,4575.43
Dallas,FM2478 L,41.37,85,97.01,97.77,4.26,10622.66,897.33
Dallas,FM2478 R,41.84,87,93.24,94.32,4.26,10689.49,910.59
Dallas,FM2499 L,127.94,268,90.0,98.55,3.17,16189.97,4844.77
Dallas,FM2499 R,125.94,265,87.76,96.7,3.17,16179.73,4921.71
Dallas,FM2514 K,7.28,15,85.16,90.11,3.63,11847.31,8249.07
Dallas,FM2514 L,35.03,74,88.12,90.82,3.29,7778.99,3165.66
Dallas,FM2514 R,35.01,74,91.01,95.21,3.41,7778.69,3166.95
Dallas,FM2551 K,12.59,25,88.25,98.12,3.09,12055.1,118.45
Dallas,FM2551 L,14.01,31,80.87,89.02,3.06,5321.43,489.09
Dallas,FM2551 R,13.9,31,85.0,93.73,3.1,5402.77,489.88
Dallas,FM2786 K,8.41,17,87.3,87.3,3.7,16254.92,3.23
Dallas,FM2786 L,3.88,7,100.0,100.0,3.68,10636.67,0.0
Dallas,FM2786 R,3.9,8,96.34,96.34,3.62,10634.57,0.0
Dallas,FM2859 K,1.0,2,0.0,0.0,2.98,284.0,35568.0
Dallas,FM2933 K,0.17,6,66.67,100.0,2.32,3391.17,182.83
Dallas,FM2934 L,36.34,92,93.71,97.44,3.37,14226.74,213.99
Dallas,FM2934 R,36.31,90,87.05,92.95,3.16,14224.15,214.19
Dallas,FM3040 L,70.52,150,96.28,98.34,3.34,12268.82,311.15
Dallas,FM3040 R,70.52,150,98.8,99.28,3.66,12268.82,311.15
Dallas,FM3097 K,5.23,12,80.37,83.64,3.39,16518.5,206.49
Dallas,FM3097 L,3.28,8,92.43,98.06,3.16,10710.75,114.21
Dallas,FM3097 R,3.26,8,99.57,100.0,3.69,10710.75,113.5
Dallas,FM3286 K,3.5,7,83.0,85.14,3.36,7321.29,999.43
Dallas,FM3537 K,16.24,35,96.43,97.02,3.89,20216.29,0.0
Dallas,FM3537 L,20.4,45,92.93,93.74,3.89,11651.53,0.0
Dallas,FM3537 R,20.4,45,89.5,90.29,3.74,11613.12,0.0
Dallas,FM3549 K,3.1,7,78.0,98.71,3.06,4726.82,1.93
Dallas,FM3549 L,2.51,4,93.71,96.81,3.12,4160.5,5.0
Dallas,FM3549 R,2.51,4,99.1,99.7,3.34,4160.5,5.0
Dallas,IH0020 A,103.43,265,89.05,96.79,3.24,3098.99,4083.8
Dallas,IH0020 L,371.37,938,80.88,84.45,3.62,45896.58,1785.84
Dallas,IH0020 R,328.09,855,80.9,85.48,3.5,48176.65,1636.84
Dallas,IH0020 X,83.92,220,85.97,96.77,3.18,4874.65,4168.74
Dallas,IH0030 A,136.56,332,61.03,93.52,2.25,8194.01,2678.86
Dallas,IH0030 L,597.62,1331,88.26,92.37,3.46,59097.95,2348.48
Dallas,IH0030 R,596.81,1317,85.69,90.8,3.41,59838.72,2349.45
Dallas,IH0030 X,155.41,373,61.82,92.08,2.39,8341.84,2361.24
Dallas,IH0035 A,6.57,13,86.76,98.25,3.3,7196.85,4164.24
Dallas,IH0035 L,1.0,2,97.0,97.0,3.79,36299.0,2697.0
Dallas,IH0035 R,1.5,3,86.35,100.0,3.45,35493.41,4027.89
Dallas,IH0035 X,10.13,20,96.63,96.63,3.61,12778.74,4401.83
Dallas,IH0035EA,124.68,304,75.32,93.16,2.62,4390.59,1829.22
Dallas,IH0035EL,780.02,1859,86.02,90.58,3.59,40674.5,1021.6
Dallas,IH0035ER,792.2,1872,87.15,91.97,3.62,43055.5,1136.3
Dallas,IH0035EX,110.4,255,77.34,90.54,2.75,4565.76,2412.48
Dallas,IH0035WA,27.56,78,84.06,99.29,3.07,7506.28,1040.92
Dallas,IH0035WL,118.58,323,75.79,78.31,3.34,10884.62,812.96
Dallas,IH0035WR,123.3,334,70.81,74.84,3.29,11604.23,856.58
Dallas,IH0035WX,27.11,82,75.65,96.51,2.53,6069.6,1479.56
Dallas,IH0045 A,67.32,152,84.26,94.88,2.78,2122.98,2253.61
Dallas,IH0045 L,1338.71,2906,88.2,91.89,3.68,24111.71,1577.41
Dallas,IH0045 R,1373.21,2984,89.08,92.37,3.64,23744.87,1553.32
Dallas,IH0045 X,74.54,169,82.47,94.18,2.73,2410.24,2789.31
Dallas,IH0345 A,0.38,1,56.0,100.0,2.44,41091.0,143.0
Dallas,IH0345 L,8.99,21,45.25,72.36,2.54,93466.44,7916.94
Dallas,IH0345 R,10.73,24,33.88,82.16,2.04,89318.09,6658.07
Dallas,IH0345 X,0.91,2,31.5,50.0,2.55,36495.0,85.0
Dallas,IH0635 A,67.64,173,59.42,92.47,2.42,14121.99,2529.85
Dallas,IH0635 L,764.23,1886,77.08,85.07,3.27,85464.63,3041.66
Dallas,IH0635 R,758.22,1865,78.62,87.31,3.27,84847.42,3072.02
Dallas,IH0635 X,52.19,129,52.61,87.95,2.35,12577.75,1805.5
Dallas,PA1811 L,1.2,6,46.33,97.98,2.29,5846.55,0.0
Dallas,PA1811 R,1.2,6,61.08,98.49,2.54,5846.55,0.0
Dallas,SH0005 K,0.96,4,83.13,100.0,2.88,8394.84,181.02
Dallas,SH0005 L,13.36,32,97.99,99.0,3.51,6736.38,321.11
Dallas,SH0005 R,12.94,33,95.35,97.16,3.79,6698.19,330.61
Dallas,SH0022 K,6.83,14,0.0,0.0,3.49,1978.19,21.88
Dallas,SH0031 K,31.9,74,88.92,95.74,3.49,11663.45,3243.25
Dallas,SH0031 L,149.11,317,97.3,97.39,3.91,2859.4,1559.52
Dallas,SH0031 R,46.21,101,99.12,99.27,3.75,2920.09,1194.32
Dallas,SH0034 K,9.69,24,56.96,70.81,2.79,6004.86,6358.04
Dallas,SH0034 L,55.58,111,88.83,99.82,3.03,5379.87,4107.29
Dallas,SH0034 R,55.71,112,87.12,98.07,3.11,5482.21,3979.8
Dallas,SH0066 L,2.45,5,0.0,0.0,3.86,13110.88,1290.01
Dallas,SH0066 R,1.5,3,31.0,33.33,3.7,13446.67,1220.33
Dallas,SH0075 K,1.1,2,0.0,0.0,3.56,454.55,0.0
Dallas,SH0078 K,18.23,44,89.82,91.57,3.63,17086.52,657.07
Dallas,SH0078 L,71.45,144,81.77,92.63,3.17,11975.1,248.29
Dallas,SH0078 R,72.89,147,83.34,94.04,3.21,12044.55,253.71
Dallas,SH0114 A,79.19,170,75.96,91.32,2.8,4758.76,1406.29
Dallas,SH0114 K,28.87,57,97.92,98.13,3.8,21041.54,1068.59
Dallas,SH0114 L,305.73,677,87.84,95.17,3.44,27406.17,985.53
Dallas,SH0114 R,300.14,654,85.65,92.71,3.39,30298.09,1283.92
Dallas,SH0114 X,76.78,167,79.6,93.81,2.83,4594.78,1391.2
Dallas,SH0121 A,187.03,401,92.81,96.23,3.52,18921.48,10.16
Dallas,SH0121 K,24.83,50,96.21,96.85,3.8,19331.41,674.09
Dallas,SH0121 L,33.35,69,90.66,96.95,3.47,30195.72,123.68
Dallas,SH0121 R,33.78,73,93.75,99.5,3.53,29359.23,114.49
Dallas,SH0121 X,194.96,398,90.27,94.88,3.5,22794.84,11.84
Dallas,SH0161 A,96.02,198,81.24,97.49,2.88,8881.86,202.0
Dallas,SH0161 L,69.32,147,88.38,97.33,3.25,37752.89,3909.55
Dallas,SH0161 R,68.99,148,87.83,99.35,3.13,37997.7,3927.63
Dallas,SH0161 X,96.56,202,83.0,98.35,2.88,8470.19,204.53
Dallas,SH0170 A,6.39,15,67.45,73.13,3.32,11482.13,377.48
Dallas,SH0170 L,32.26,80,77.58,89.5,3.08,15799.16,259.9
Dallas,SH0170 R,30.99,79,72.99,85.84,3.01,15590.02,256.27
Dallas,SH0170 X,6.66,15,62.2,69.03,3.06,7751.13,443.42
Dallas,SH0180 L,52.91,116,68.64,91.57,2.68,10425.54,1273.32
Dallas,SH0180 R,15.81,42,46.36,89.62,2.29,10676.36,706.9
Dallas,SH0183 A,20.47,43,78.85,95.59,2.95,14258.84,3025.12
Dallas,SH0183 L,39.09,79,83.58,93.12,3.39,70562.76,2793.93
Dallas,SH0183 R,38.33,79,85.06,94.21,3.34,69711.76,2716.37
Dallas,SH0183 X,5.0,10,100.0,100.0,3.98,9845.5,3753.0
Dallas,SH0190 A,59.41,126,82.69,93.38,2.84,3198.9,677.12
Dallas,SH0190 X,58.84,125,87.72,95.19,3.01,4499.45,672.18
Dallas,SH0198 K,15.46,30,85.92,93.39,3.16,16771.81,878.63
Dallas,SH0205 K,3.76,17,78.45,100.0,2.94,17252.17,366.78
Dallas,SH0205 L,35.83,73,82.37,93.77,3.02,15302.74,4492.19
Dallas,SH0205 R,36.05,73,73.23,94.16,2.8,15299.18,4556.36
Dallas,SH0276 K,5.69,15,89.4,97.53,3.24,16799.66,352.91
Dallas,SH0276 L,1.77,3,87.28,94.36,3.2,6052.0,0.0
Dallas,SH0276 R,1.76,3,92.04,97.73,3.24,6052.0,0.0
Dallas,SH0289 A,2.28,7,86.91,93.01,3.19,9035.86,1538.88
Dallas,SH0289 K,11.66,26,92.91,94.65,3.85,9383.31,450.89
Dallas,SH0289 L,159.17,315,95.79,98.44,3.89,13359.03,607.95
Dallas,SH0289 R,158.34,312,94.85,96.73,3.83,13303.39,608.71
Dallas,SH0289 X,1.07,2,100.0,100.0,3.26,99.0,1300.5
Dallas,SH0310 A,1.22,9,84.49,89.55,2.69,3885.02,800.16
Dallas,SH0310 L,40.84,92,93.69,96.39,3.37,7754.96,2046.34
Dallas,SH0310 R,47.19,107,84.01,92.2,3.07,7133.81,2297.62
Dallas,SH0310 X,0.86,4,81.28,100.0,2.91,774.13,0.0
Dallas,SH0342 L,4.5,9,100.0,100.0,3.95,14604.0,859.67
Dallas,SH0342 R,4.5,9,88.56,98.0,3.65,14604.0,859.67
Dallas,SH0352 K,2.22,4,64.12,72.35,2.94,20318.56,5155.31
Dallas,SH0352 L,8.57,19,46.43,99.32,2.25,10378.76,1537.18
Dallas,SH0352 R,4.11,14,73.01,93.78,2.78,11078.52,1588.61
Dallas,SH0356 A,1.0,2,26.5,33.5,1.15,865.0,3837.0
Dallas,SH0356 L,6.62,14,65.11,70.25,3.16,10903.52,2116.02
Dallas,SH0356 R,1.6,4,78.0,79.88,3.4,11582.44,3259.88
Dallas,SH0356 X,1.0,2,97.5,100.0,2.58,1117.0,243.0
Dallas,SH0360 A,2.43,4,94.44,94.44,4.11,2810.11,0.5
Dallas,SH0360 K,25.49,58,82.73,95.63,3.19,17432.87,329.55
Dallas,SH0360 L,3.41,7,100.0,100.0,4.27,5129.19,0.0
Dallas,SH0360 R,3.25,6,100.0,100.0,3.96,5121.87,0.0
Dallas,SH0360 X,2.45,4,100.0,100.0,4.22,2585.06,0.5
Dallas,SL0012 A,9.83,19,88.86,89.21,2.96,1986.25,1717.71
Dallas,SL0012 L,203.66,442,62.72,79.11,2.9,37515.32,1551.57
Dallas,SL0012 R,243.33,545,63.89,80.23,2.85,44463.13,1660.71
Dallas,SL0012 X,18.55,37,78.14,95.58,2.58,4426.68,1427.08
Dallas,SL0288 L,55.01,115,91.43,95.6,3.35,15444.92,3300.85
Dallas,SL0288 R,49.31,103,96.05,98.53,3.38,15729.91,3650.91
Dallas,SL0354 L,15.79,39,69.63,97.56,2.58,11081.03,327.58
Dallas,SL0354 R,12.74,33,56.89,93.68,2.4,10183.24,405.96
Dallas,SL0561 K,0.2,1,0.0,100.0,0.0,120.0,0.0
Dallas,SS0226 K,0.02,1,1.0,98.0,0.1,9236.0,0.0
Dallas,SS0226 R,0.02,1,1.0,89.0,0.1,5036.0,2.0
Dallas,SS0263 K,0.07,4,0.0,98.25,0.0,23.0,5.25
Dallas,SS0303 L,12.75,27,80.51,97.92,3.03,8088.39,986.95
Dallas,SS0303 R,5.27,12,68.24,93.55,2.82,7691.48,2209.14
Dallas,SS0348 A,5.32,11,79.09,99.27,2.67,2890.82,946.45
Dallas,SS0348 L,17.97,53,93.1,97.82,3.78,21275.82,507.08
Dallas,SS0348 R,21.8,75,72.25,91.42,3.23,18854.03,390.53
Dallas,SS0348 X,4.22,8,99.62,99.75,2.94,1646.78,1287.26
Dallas,SS0359 L,0.07,1,34.0,100.0,2.0,8989.0,0.0
Dallas,SS0366 L,48.24,94,49.92,89.26,2.19,66770.3,1537.49
Dallas,SS0366 R,46.76,94,49.56,88.6,2.19,66459.56,1651.1
Dallas,SS0366 X,6.65,12,8.84,72.3,0.71,7417.4,1586.67
Dallas,SS0399 A,4.1,14,82.63,88.54,3.07,6422.62,0.0
Dallas,SS0399 L,15.82,38,96.25,97.18,3.53,15528.16,0.0
Dallas,SS0399 R,14.41,36,88.94,95.8,3.29,15368.97,0.0
Dallas,SS0399 X,6.22,20,85.55,86.19,3.22,3687.84,0.0
Dallas,SS0408 L,14.52,52,80.85,91.93,3.04,41342.28,212.86
Dallas,SS0408 R,21.05,64,72.55,81.83,3.27,43768.58,725.25
Dallas,SS0437 K,0.59,2,53.81,100.0,2.28,4307.95,0.0
Dallas,SS0482 A,3.43,7,56.63,82.41,2.61,10059.69,105.51
Dallas,SS0482 L,2.0,4,21.25,45.75,2.46,11040.5,3958.75
Dallas,SS0482 R,4.83,10,37.22,70.42,2.47,10298.81,1736.66
Dallas,SS0557 L,7.26,17,85.99,86.8,3.48,12213.32,4028.68
Dallas,SS0557 R,5.84,14,92.84,95.91,3.67,11833.39,4731.26
Dallas,SS0557 X,12.0,39,40.82,62.49,1.99,464.96,1812.43
Dallas,US0067 A,7.09,14,77.73,90.23,2.87,1704.1,1463.81
Dallas,US0067 L,155.47,321,72.33,79.49,3.17,42386.23,2316.16
Dallas,US0067 R,154.49,319,69.61,83.11,2.99,42604.45,2340.97
Dallas,US0067 X,8.87,18,71.11,90.45,2.58,5019.44,1276.99
Dallas,US0075 A,169.82,359,84.61,97.64,3.15,6939.3,528.51
Dallas,US0075 L,867.11,1854,87.22,92.88,3.38,81553.61,808.52
Dallas,US0075 R,875.34,1867,86.49,92.82,3.33,81521.25,805.52
Dallas,US0075 X,157.74,330,86.76,97.09,3.24,8202.55,540.07
Dallas,US0077 K,5.7,12,57.8,90.01,2.55,18525.08,2879.76
Dallas,US0077 L,63.93,135,89.18,98.78,3.06,4457.39,208.86
Dallas,US0077 R,78.04,164,89.19,97.47,3.03,4566.34,207.75
Dallas,US0080 A,27.8,57,73.35,95.38,2.81,6885.58,9812.9
Dallas,US0080 K,0.76,2,49.52,81.1,2.56,14197.63,560.11
Dallas,US0080 L,61.84,159,78.26,88.24,3.14,24064.13,2954.82
Dallas,US0080 R,89.94,217,65.67,74.19,3.13,22102.0,3337.71
Dallas,US0080 X,13.47,36,63.2,91.96,2.49,5562.35,8684.18
Dallas,US0175 A,18.8,36,85.77,92.62,2.88,2387.95,1333.18
Dallas,US0175 L,37.45,80,57.79,69.81,3.34,27399.2,1280.11
Dallas,US0175 R,26.3,54,63.42,70.87,3.18,27081.11,3022.08
Dallas,US0175 X,23.19,56,86.35,97.56,2.93,3177.86,866.22
Dallas,US0287 A,0.9,6,81.47,82.4,3.61,1076.0,2847.03
Dallas,US0287 K,4.8,13,58.26,58.32,3.45,4963.31,2927.21
Dallas,US0287 L,0.4,1,86.0,86.0,3.95,8136.0,3441.0
Dallas,US0287 R,1.57,5,95.39,95.39,3.81,7713.18,1429.36
Dallas,US0287 X,2.8,6,97.67,97.67,2.78,132.2,2908.09
Dallas,US0377 K,34.68,79,82.98,94.4,3.1,13761.05,182.64
Dallas,US0377 L,48.36,118,84.15,97.57,3.13,11150.81,168.14
Dallas,US0377 R,48.41,118,87.14,98.57,3.09,11132.63,167.63
Dallas,US0380 A,3.41,8,97.44,97.51,3.48,99.0,908.37
Dallas,US0380 K,278.02,555,93.91,98.1,3.49,28341.42,1295.45
Dallas,US0380 L,141.27,306,90.55,95.13,3.56,14494.7,1167.75
Dallas,US0380 R,191.01,413,95.54,97.42,3.86,12699.45,834.31
Dallas,US0380 X,3.16,6,100.0,100.0,3.26,99.0,1134.35
El Paso,BI0010CK,0.16,2,40.5,40.5,3.5,484.5,167.5
El Paso,FM0034 K,0.1,5,25.6,96.0,0.82,58.0,139.8
El Paso,FM0076 K,5.34,10,97.57,100.0,3.38,18599.24,2510.11
El Paso,FM0076 L,194.02,417,85.29,95.99,3.07,10671.89,1038.47
El Paso,FM0076 R,190.88,410,81.88,94.76,3.0,10664.33,1053.83
El Paso,FM0659 K,6.57,36,79.82,95.47,2.98,17329.91,1047.02
El Paso,FM0659 L,4.22,12,74.51,90.51,2.84,10144.44,4264.31
El Paso,FM0659 R,4.2,12,80.14,97.81,3.08,10145.41,4198.57
El Paso,FM1110 K,86.61,177,72.17,90.02,3.17,5568.66,913.47
El Paso,FM1281 K,7.36,21,57.66,97.17,2.49,34661.62,3291.45
El Paso,FM1905 K,5.17,19,22.98,93.62,1.58,11874.0,1100.13
El Paso,FM2316 L,0.0,1,22.0,100.0,1.7,13113.0,0.0
El Paso,FM2529 R,3.5,7,78.86,99.0,2.92,4912.57,131.86
El Paso,FM3255 L,8.18,23,83.19,87.84,3.24,3762.53,553.27
El Paso,FM3255 R,8.22,24,93.12,97.96,3.18,3531.66,550.53
El Paso,FM3380 K,0.03,1,29.0,100.0,1.4,624.0,12.0
El Paso,IH0010 A,122.41,261,67.82,92.68,2.85,17643.73,2614.33
El Paso,IH0010 L,4111.73,8608,92.18,93.41,3.85,15737.73,982.09
El Paso,IH0010 R,4137.86,8670,93.35,94.87,3.83,15675.81,978.54
El Paso,IH0010 X,149.18,304,73.89,89.9,3.11,16793.61,2574.08
El Paso,IH0110 A,1.26,5,47.96,94.47,1.96,3799.45,1221.37
El Paso,IH0110 L,19.41,41,61.4,91.44,2.42,18267.16,926.73
El Paso,IH0110 R,16.68,36,50.62,94.0,2.16,17553.49,853.29
El Paso,IH0110 X,7.12,21,60.89,97.86,2.05,4247.53,836.35
El Paso,PA2401 K,6.78,22,77.13,83.35,3.1,15003.75,0.0
El Paso,RM0169 K,6.5,13,85.54,94.0,2.12,85.38,10.23
El Paso,SH0020 A,1.4,10,92.06,99.83,2.87,4756.87,216.33
El Paso,SH0020 K,14.57,28,65.01,93.27,2.83,21759.79,1905.82
El Paso,SH0020 L,34.75,87,60.68,95.66,2.34,5878.89,816.66
El Paso,SH0020 R,34.6,87,62.6,96.15,2.34,5884.44,814.41
El Paso,SH0178 A,7.72,20,91.98,99.39,3.19,3702.41,154.15
El Paso,SH0178 L,65.5,142,97.13,99.35,3.72,7223.85,212.31
El Paso,SH0178 R,65.53,142,93.43,99.47,3.57,7218.87,212.27
El Paso,SH0178 X,8.54,21,91.6,98.63,3.19,2026.46,143.93
El Paso,SL0375 A,24.43,70,68.9,92.58,2.74,9910.92,2182.75
El Paso,SL0375 L,434.4,921,95.34,96.1,4.03,19287.98,1471.63
El Paso,SL0375 R,433.64,915,91.0,97.71,3.78,19300.49,1481.65
El Paso,SL0375 X,21.94,75,66.46,94.46,2.63,11180.68,1574.44
El Paso,SL0478 K,0.09,2,32.79,100.0,1.6,4219.76,33.37
El Paso,SS0006 L,0.27,2,93.0,100.0,2.56,1150.0,31.0
El Paso,SS0006 R,0.27,2,88.0,100.0,2.46,1150.0,31.0
El Paso,SS0601 L,92.67,201,93.92,98.59,3.66,13320.02,159.37
El Paso,SS0601 R,90.16,197,94.81,97.43,3.82,12797.11,162.9
El Paso,SS0601 X,0.65,2,100.0,100.0,2.6,99.0,46.29
El Paso,SS1966 K,0.03,4,29.5,100.0,1.78,5748.25,0.0
El Paso,US0054 A,254.65,528,89.68,97.31,3.38,8157.52,432.49
El Paso,US0054 L,348.06,726,91.58,93.85,3.43,24210.71,545.35
El Paso,US0054 R,343.62,718,92.45,93.9,3.49,24240.19,553.69
El Paso,US0054 X,254.71,530,91.17,96.87,3.45,8663.57,436.86
El Paso,US0062 K,1.85,5,74.34,94.87,2.85,41273.82,12794.85
El Paso,US0062 L,39.71,83,68.66,96.15,2.84,11502.37,2354.0
El Paso,US0062 R,44.68,97,61.59,92.66,2.66,9321.16,2088.81
El Paso,US0067 L,0.74,6,48.06,86.93,2.38,2145.92,307.64
El Paso,US0067 R,0.95,8,12.24,100.0,0.74,1855.25,524.13
El Paso,US0085 L,104.83,211,85.7,92.92,3.29,10517.63,906.09
El Paso,US0085 R,92.7,197,76.7,86.56,3.21,10229.39,716.44
Fort Worth,BI0035VR,0.3,2,100.0,100.0,3.7,2435.0,11.05
Fort Worth,BU0067MK,9.86,18,54.64,91.46,2.5,17580.15,3033.8
Fort Worth,BU0067ML,1.96,7,87.38,98.85,2.97,4173.06,1100.99
Fort Worth,BU0067MR,8.04,24,68.66,96.09,2.74,4339.67,300.67
Fort Worth,BU0287PK,145.59,295,63.51,81.61,2.89,16329.84,1883.36
Fort Worth,BU0287PL,35.42,108,79.18,93.53,3.0,12985.04,473.11
Fort Worth,BU0287PR,46.51,141,70.01,88.76,2.93,12523.16,576.69
Fort Worth,BU0380FK,7.46,16,73.76,95.0,2.81,6856.98,16772.87
Fort Worth,FM0004 K,4.0,8,88.0,88.25,2.85,1186.75,2124.75
Fort Worth,FM0005 K,0.11,1,22.0,100.0,1.7,6515.0,4.0
Fort Worth,FM0051 K,1.8,4,99.17,99.17,3.78,13815.94,734.45
Fort Worth,FM0156 K,13.63,30,90.31,99.9,3.23,17802.22,54.15
Fort Worth,FM0156 L,0.49,3,56.0,100.0,2.45,9455.33,0.0
Fort Worth,FM0156 R,0.48,3,50.67,100.0,2.34,9455.33,0.0
Fort Worth,FM0157 K,113.94,241,73.57,89.79,2.92,34237.81,2063.21
Fort Worth,FM0157 L,100.0,277,80.47,92.84,3.0,17470.42,637.37
Fort Worth,FM0157 R,124.5,328,79.41,94.1,2.92,18378.45,716.87
Fort Worth,FM0730 L,1.85,6,47.19,81.08,2.32,7247.7,2187.89
Fort Worth,FM0731 K,155.63,368,93.01,95.59,3.5,20617.9,352.89
Fort Worth,FM0731 L,75.3,179,89.44,97.06,3.27,7897.32,342.93
Fort Worth,FM0731 R,77.7,187,88.16,96.23,3.25,7819.57,339.12
Fort Worth,FM0917 L,19.68,42,97.39,97.39,3.99,6230.69,2672.74
Fort Worth,FM0917 R,19.64,41,99.76,99.76,4.06,6228.61,2672.31
Fort Worth,FM1187 K,4.42,23,31.91,88.69,1.96,16939.48,2158.16
Fort Worth,FM1187 L,72.55,145,92.95,97.03,3.29,10041.17,1929.34
Fort Worth,FM1187 R,70.09,140,86.47,94.62,3.19,9748.5,1965.74
Fort Worth,FM1655 K,1.52,3,97.67,97.67,3.5,1919.67,14075.0
Fort Worth,FM1709 L,1.36,10,86.01,96.08,3.1,15707.37,34.19
Fort Worth,FM1709 R,1.44,12,62.38,100.0,2.47,15707.36,32.8
Fort Worth,FM1884 K,0.61,8,21.88,92.99,1.66,5112.82,608.31
Fort Worth,FM1938 A,0.88,3,32.67,100.0,1.97,6402.0,245.0
Fort Worth,FM1938 K,28.95,58,90.35,93.41,3.35,25430.78,1508.56
Fort Worth,FM1938 L,28.09,59,85.6,93.03,3.25,12750.55,114.3
Fort Worth,FM1938 R,27.87,59,83.66,95.76,3.23,12773.35,85.22
Fort Worth,FM1938 X,0.74,3,48.67,90.67,2.42,6126.33,205.0
Fort Worth,FM2499 A,3.37,8,73.21,98.81,2.49,4466.87,0.0
Fort Worth,FM2499 L,55.43,122,67.69,98.07,2.65,22644.05,324.83
Fort Worth,FM2499 R,53.16,117,69.37,95.34,2.67,22571.41,338.7
Fort Worth,FM2499 X,2.58,4,97.4,97.4,2.7,99.0,0.0
Fort Worth,FM2552 K,0.43,6,22.71,91.46,1.17,11055.11,10.07
Fort Worth,FM3029 K,92.0,207,89.34,94.09,3.25,25371.74,127.11
Fort Worth,FM3029 L,8.04,15,100.0,100.0,3.46,19573.7,2.3
Fort Worth,FM3029 R,9.17,17,89.78,95.13,3.1,19727.62,2.02
Fort Worth,FM3479 K,17.96,50,63.47,86.03,2.53,5534.21,0.64
Fort Worth,FM3479 L,1.3,13,22.23,84.62,1.21,2504.46,0.0
Fort Worth,FM3479 R,1.4,13,70.54,92.86,2.61,2888.02,0.0
Fort Worth,IH0020 A,355.82,828,75.71,94.7,2.59,4490.24,1284.55
Fort Worth,IH0020 L,1506.13,3311,84.17,88.35,3.58,27622.44,994.68
Fort Worth,IH0020 R,1472.48,3243,83.68,88.08,3.55,27665.4,957.08
Fort Worth,IH0020 X,390.08,924,73.23,95.72,2.59,7530.31,1265.1
Fort Worth,IH0030 A,170.91,379,85.08,95.28,2.95,4747.89,1931.54
Fort Worth,IH0030 L,325.56,710,83.82,90.51,3.56,53110.07,1824.51
Fort Worth,IH0030 R,228.05,503,84.23,92.61,3.33,56248.72,1508.13
Fort Worth,IH0030 X,181.36,400,73.08,95.29,2.59,4797.39,1817.65
Fort Worth,IH0035WA,395.86,906,74.75,90.42,2.67,4210.9,1020.96
Fort Worth,IH0035WL,617.69,1392,84.31,89.5,3.48,50374.82,1602.77
Fort Worth,IH0035WR,654.28,1460,82.05,88.4,3.42,50529.9,1665.2
Fort Worth,IH0035WX,395.89,903,74.63,90.21,2.6,4117.5,1036.22
Fort Worth,IH0635 L,7.55,23,56.64,99.41,2.02,43596.66,7712.4
Fort Worth,IH0635 R,7.48,22,71.45,99.85,2.5,43837.79,7770.64
Fort Worth,IH0820 A,250.86,576,85.94,94.92,2.9,4318.6,2020.56
Fort Worth,IH0820 L,503.26,1080,81.42,85.51,3.41,41393.73,2472.69
Fort Worth,IH0820 R,521.78,1122,83.84,87.06,3.45,41561.2,2431.68
Fort Worth,IH0820 X,230.56,542,82.36,95.16,2.74,4330.88,2001.15
Fort Worth,PA0205 L,47.04,110,69.38,88.02,2.82,10246.78,0.0
Fort Worth,PA0205 R,50.03,115,71.05,85.28,2.89,10187.27,0.0
Fort Worth,PA0211 L,25.46,50,37.68,61.52,2.5,5049.4,0.0
Fort Worth,PA0211 R,25.48,49,49.59,74.28,2.57,5049.94,0.0
Fort Worth,SH0010 L,5.34,15,94.34,97.4,3.74,10421.95,142.05
Fort Worth,SH0010 R,5.13,14,93.57,97.91,3.84,10578.14,147.66
Fort Worth,SH0026 A,24.9,58,80.06,90.02,3.03,11809.96,139.84
Fort Worth,SH0026 K,24.5,63,67.69,81.37,3.05,22819.24,225.29
Fort Worth,SH0026 L,168.53,345,77.66,95.94,2.91,33166.83,931.37
Fort Worth,SH0026 R,173.09,355,78.14,94.18,3.02,32649.1,921.36
Fort Worth,SH0026 X,22.01,53,89.43,97.36,3.22,16356.08,83.55
Fort Worth,SH0101 K,28.03,70,73.16,91.15,2.92,9469.99,1432.28
Fort Worth,SH0101 L,56.06,109,81.68,83.24,3.43,5557.56,396.37
Fort Worth,SH0101 R,55.1,107,97.3,97.75,3.67,5570.09,402.3
Fort Worth,SH0114 A,95.17,217,75.47,98.07,2.7,8702.73,167.53
Fort Worth,SH0114 K,7.14,16,76.6,89.49,2.99,7430.47,22741.57
Fort Worth,SH0114 L,287.55,642,88.66,95.09,3.61,38965.2,227.3
Fort Worth,SH0114 R,261.86,575,84.15,92.59,3.47,41978.28,211.26
Fort Worth,SH0114 X,111.93,272,79.28,97.74,2.85,7035.6,182.99
Fort Worth,SH0121 A,105.14,223,77.75,92.8,2.93,6808.3,2966.76
Fort Worth,SH0121 L,248.85,534,89.69,96.8,3.37,55549.29,2420.05
Fort Worth,SH0121 R,249.24,535,91.54,97.55,3.41,56349.8,2279.01
Fort Worth,SH0121 X,83.82,200,76.77,89.14,2.88,4874.5,2750.24
Fort Worth,SH0170 A,1.45,4,89.27,89.27,3.58,7862.12,418.22
Fort Worth,SH0170 L,120.48,263,74.18,81.71,3.08,16940.19,1110.32
Fort Worth,SH0170 R,121.59,268,77.39,84.37,3.19,16961.1,1103.8
Fort Worth,SH0170 X,1.07,5,65.97,65.97,3.45,7867.1,305.17
Fort Worth,SH0171 K,15.24,32,52.11,94.25,2.54,18939.51,1889.55
Fort Worth,SH0171 L,4.16,10,46.3,95.67,2.25,13087.04,1543.44
Fort Worth,SH0171 R,4.18,10,40.02,98.66,2.06,13086.14,1550.98
Fort Worth,SH0174 L,12.09,65,40.86,84.37,1.79,18763.3,643.93
Fort Worth,SH0174 R,12.41,77,45.26,85.25,1.96,18937.98,392.16
Fort Worth,SH0180 K,0.59,6,42.67,55.83,2.78,11617.83,22.33
Fort Worth,SH0180 L,4.4,7,91.24,91.24,3.75,10683.52,192.98
Fort Worth,SH0180 R,17.67,33,97.53,97.59,3.65,8276.9,114.65
Fort Worth,SH0183 A,4.0,8,73.0,94.38,2.68,3917.88,1722.0
Fort Worth,SH0183 K,18.05,47,53.56,85.48,2.53,19439.94,3177.0
Fort Worth,SH0183 L,52.84,145,86.73,95.98,3.3,48856.35,811.46
Fort Worth,SH0183 R,47.2,113,87.21,98.78,3.32,58416.73,1177.7
Fort Worth,SH0183 X,11.21,39,70.57,90.45,2.39,3038.59,844.43
Fort Worth,SH0199 A,136.19,274,93.01,96.57,3.13,2115.83,2868.55
Fort Worth,SH0199 L,103.32,214,92.01,95.55,3.58,16644.06,3432.02
Fort Worth,SH0199 R,93.45,193,86.26,92.45,3.49,17016.51,2422.87
Fort Worth,SH0199 X,85.2,170,84.47,89.57,3.24,3106.48,2885.58
Fort Worth,SH0360 A,269.22,588,74.29,88.01,2.94,6113.4,2437.19
Fort Worth,SH0360 K,0.47,6,100.0,100.0,4.56,9539.0,698.0
Fort Worth,SH0360 L,609.35,1311,83.76,92.81,3.35,49267.07,2152.09
Fort Worth,SH0360 R,647.36,1408,84.47,91.25,3.4,47698.03,2015.8
Fort Worth,SH0360 X,279.6,625,75.09,90.12,3.01,6449.94,2332.08
Fort Worth,SL0344 K,2.83,5,87.71,93.0,2.83,5365.33,0.0
Fort Worth,SL0373 K,0.04,2,1.0,100.0,0.1,3338.5,4.0
Fort Worth,SS0097 L,15.64,31,55.82,91.42,2.21,33517.12,210.46
Fort Worth,SS0097 R,16.52,35,59.6,94.59,2.28,32227.13,220.4
Fort Worth,SS0280 L,4.97,9,16.67,76.67,1.27,18166.67,0.0
Fort Worth,SS0280 R,5.02,13,16.82,73.66,1.13,18085.59,0.0
Fort Worth,SS0303 K,0.51,5,83.8,100.0,2.9,12602.0,0.0
Fort Worth,SS0303 L,204.65,422,88.8,94.39,3.2,14197.08,173.13
Fort Worth,SS0303 R,195.25,397,75.04,88.79,3.0,14245.49,181.07
Fort Worth,SS0341 L,4.4,11,47.09,81.82,2.47,11960.91,0.0
Fort Worth,SS0341 R,11.69,28,72.55,87.04,2.88,10145.06,34.29
Fort Worth,SS0347 L,2.6,8,20.44,94.48,1.65,18666.33,653.58
Fort Worth,SS0347 R,4.19,7,16.08,77.84,1.35,19789.54,26.7
Fort Worth,SS0465 L,10.14,21,7.43,80.9,0.83,12663.27,0.0
Fort Worth,SS0465 R,7.82,17,9.24,92.15,0.86,13161.55,0.0
Fort Worth,SS0474 K,5.34,12,58.87,97.33,2.5,10059.34,0.0
Fort Worth,SS0580 L,5.23,13,81.07,92.64,2.94,2946.99,5.7
Fort Worth,US0067 A,2.27,5,90.84,99.12,2.41,561.99,1823.15
Fort Worth,US0067 K,60.57,137,98.99,99.09,3.75,12666.25,3179.83
Fort Worth,US0067 L,71.24,145,96.72,96.81,3.9,6655.65,2516.57
Fort Worth,US0067 R,82.77,174,82.58,82.73,3.93,7040.72,2585.07
Fort Worth,US0067 X,2.86,7,93.55,93.55,2.98,2373.3,2088.02
Fort Worth,US0081 L,626.16,1341,78.73,83.47,3.46,11263.87,1560.25
Fort Worth,US0081 R,736.26,1573,74.22,76.56,3.43,11207.9,1743.97
Fort Worth,US0081 X,13.01,25,90.91,91.13,3.22,1405.99,1046.45
Fort Worth,US0180 A,0.06,1,0.0,100.0,0.0,135.0,351.0
Fort Worth,US0180 L,3.0,9,23.5,98.53,1.74,12082.04,610.64
Fort Worth,US0180 R,3.36,10,38.19,97.83,2.1,12029.22,785.93
Fort Worth,US0180 X,0.06,1,0.0,100.0,0.0,135.0,351.0
Fort Worth,US0281 K,1.47,3,99.0,99.33,3.59,3639.8,621.3
Fort Worth,US0287 A,38.35,79,81.71,94.31,2.75,5477.59,2890.86
Fort Worth,US0287 L,330.11,726,81.93,86.75,3.29,22528.66,2658.01
Fort Worth,US0287 R,336.38,734,83.04,90.98,3.19,22371.14,2602.52
Fort Worth,US0287 X,35.72,73,82.03,90.89,2.76,5032.89,3156.6
Fort Worth,US0377 K,233.03,473,84.48,95.77,3.21,30308.87,963.95
Fort Worth,US0377 L,48.78,97,69.21,92.7,2.71,14596.82,1254.68
Fort Worth,US0377 R,51.93,103,73.49,92.81,2.8,14435.88,1254.19
Fort Worth,US0380 L,342.12,729,85.5,94.35,3.63,7363.5,1259.94
Fort Worth,US0380 R,345.88,729,90.36,96.42,3.62,7552.51,1501.96
Houston,BF1960AK,0.9,8,58.0,100.0,2.48,11571.5,724.25
Houston,BS0146DK,0.5,5,55.0,100.0,2.36,5056.2,2445.8
Houston,BS0146EL,19.28,60,90.82,94.91,3.57,8790.43,939.64
Houston,BS0146ER,18.48,57,66.26,94.62,2.68,8749.79,1175.78
Houston,BS0249BK,8.17,15,73.13,91.12,2.71,14103.35,2989.8
Houston,BS0249BL,3.92,11,49.94,60.15,2.87,10889.19,812.71
Houston,BS0249BR,3.51,9,92.19,94.58,3.2,10912.05,837.67
Houston,BS0288BK,2.85,6,94.7,98.28,3.63,17649.75,280.08
Houston,BS0288BL,11.41,25,91.85,98.46,3.76,6835.16,376.39
Houston,BS0288BR,8.24,20,80.75,97.32,3.2,6870.39,363.35
Houston,BU0090UK,98.48,39,52.72,93.08,2.06,9560.88,597.98
Houston,FM0188 K,0.35,4,26.0,99.25,1.3,1335.75,0.0
Houston,FM0270 K,45.49,105,97.38,98.98,3.51,30475.62,1646.41
Houston,FM0359 A,0.76,5,81.93,91.07,2.02,99.0,42.96
Houston,FM0359 K,20.2,48,97.49,99.89,3.58,15973.82,216.53
Houston,FM0359 L,52.42,121,89.04,97.66,3.32,5919.18,348.12
Houston,FM0359 R,52.5,121,84.54,97.46,3.18,5910.42,351.09
Houston,FM0359 X,0.76,5,96.91,100.0,2.22,99.0,42.82
Houston,FM0360 L,2.87,24,65.04,100.0,2.05,1199.17,857.23
Houston,FM0360 R,2.85,24,87.14,96.72,2.63,1197.32,864.36
Houston,FM0442 K,0.32,2,71.5,100.0,3.35,4224.0,133.5
Houston,FM0517 K,131.14,289,81.39,91.98,3.08,17881.97,2081.07
Houston,FM0517 L,4.46,15,32.13,93.81,1.92,10259.08,905.66
Houston,FM0517 R,4.7,15,35.63,82.41,2.14,10301.2,908.81
Houston,FM0518 K,267.99,572,90.48,98.6,3.28,23449.27,1432.89
Houston,FM0518 L,85.43,191,79.41,96.63,2.88,8766.16,2175.6
Houston,FM0518 R,90.26,204,76.32,92.73,2.94,8826.23,2143.33
Houston,FM0521 K,27.55,64,91.15,97.05,3.33,19665.71,1773.14
Houston,FM0521 L,41.81,97,69.39,85.61,3.0,10686.2,342.98
Houston,FM0521 R,6.3,15,93.6,100.0,3.37,10443.08,102.71
Houston,FM0523 K,227.62,483,74.86,78.9,3.51,6606.95,3675.75
Houston,FM0523 L,31.08,91,65.34,79.99,2.9,3751.16,1761.82
Houston,FM0523 R,31.02,91,69.48,78.34,3.1,3634.26,1762.82
Houston,FM0525 K,163.52,360,82.39,92.6,3.07,20192.08,601.0
Houston,FM0525 L,1.56,9,21.98,93.36,1.65,8918.91,151.1
Houston,FM0525 R,1.57,9,21.25,100.0,1.6,8919.06,151.59
Houston,FM0526 L,3.09,20,53.58,90.5,2.52,9104.85,714.65
Houston,FM0526 R,3.39,21,67.18,99.94,2.59,9105.21,855.89
Houston,FM0528 K,243.67,532,93.92,97.3,3.61,23863.79,828.1
Houston,FM0528 L,1.93,8,99.92,100.0,3.56,18388.1,0.0
Houston,FM0528 R,2.22,9,87.71,100.0,3.05,18568.42,0.0
Houston,FM0529 K,125.8,259,93.68,97.22,3.35,30867.2,673.19
Houston,FM0529 L,54.29,130,89.32,96.77,3.19,18336.32,273.07
Houston,FM0529 R,54.33,131,84.92,97.37,3.09,18345.11,265.61
Houston,FM0646 K,63.3,133,95.72,98.35,3.6,15477.45,3422.35
Houston,FM0646 L,26.8,58,88.23,99.18,3.28,10800.14,1704.87
Houston,FM0646 R,28.9,63,80.99,96.51,3.29,10703.6,1594.34
Houston,FM0723 K,16.42,41,41.95,97.1,2.09,15608.87,1240.6
Houston,FM0762 K,26.99,52,72.1,83.83,3.08,21054.88,1867.59
Houston,FM0762 L,3.79,8,93.02,93.02,3.67,8340.5,354.52
Houston,FM0762 R,3.81,8,91.23,91.23,4.09,8340.5,355.25
Houston,FM0830 K,1.0,2,99.5,100.0,3.45,9023.5,0.0
Houston,FM0865 K,3.75,8,92.2,92.29,3.71,21098.69,7.75
Houston,FM0865 L,37.94,92,80.37,99.31,3.0,9969.84,362.56
Houston,FM0865 R,37.91,89,87.27,95.67,3.14,9955.09,372.89
Houston,FM1092 K,31.89,105,48.8,67.27,2.58,32442.8,5961.47
Houston,FM1092 L,6.25,15,94.36,99.24,3.25,18058.2,1592.69
Houston,FM1092 R,6.26,15,66.15,78.43,2.96,18058.06,1575.75
Houston,FM1093 A,61.25,127,80.15,98.31,2.91,9988.11,215.69
Houston,FM1093 K,14.38,28,97.21,97.28,3.98,14779.29,21.21
Houston,FM1093 L,107.07,256,71.61,73.0,3.44,11950.79,1872.79
Houston,FM1093 R,107.3,257,75.01,81.46,3.19,11865.0,1865.11
Houston,FM1093 X,60.44,126,80.14,97.91,2.87,12036.23,214.68
Houston,FM1097 K,18.0,36,83.42,84.86,4.04,13483.71,149.49
Houston,FM1098 K,19.3,43,44.99,89.94,2.33,9639.16,248.45
Houston,FM1314 K,107.39,226,95.01,95.1,3.93,19164.3,579.8
Houston,FM1464 L,78.56,161,91.8,98.38,3.43,10194.82,84.29
Houston,FM1464 R,78.46,160,95.88,98.13,3.54,10196.05,84.41
Houston,FM1484 K,54.8,111,98.91,99.49,3.87,9668.03,131.74
Houston,FM1485 K,21.42,52,59.74,98.32,2.59,20743.57,543.58
Houston,FM1485 L,3.21,6,100.0,100.0,4.13,6000.0,0.0
Houston,FM1485 R,1.5,3,96.67,100.0,3.92,6000.0,0.0
Houston,FM1488 A,1.54,4,100.0,100.0,3.39,99.0,196.51
Houston,FM1488 K,204.41,413,93.06,96.9,3.77,32887.65,409.96
Houston,FM1488 L,1.81,4,100.0,100.0,3.79,9092.5,231.41
Houston,FM1488 R,1.8,4,100.0,100.0,3.82,9092.5,230.64
Houston,FM1488 X,1.51,4,100.0,100.0,3.6,99.0,191.48
Houston,FM1495 K,4.99,11,64.04,92.09,2.46,3994.43,2545.09
Houston,FM1640 K,5.3,16,71.5,99.48,2.97,17377.25,680.18
Houston,FM1640 L,2.18,10,79.61,100.0,2.76,10144.2,527.68
Houston,FM1640 R,2.24,10,22.36,100.0,1.65,10144.2,515.51
Houston,FM1764 A,14.9,31,75.42,81.52,3.25,3163.68,838.77
Houston,FM1764 K,103.65,218,91.98,97.89,3.23,13961.63,10139.51
Houston,FM1764 L,112.38,252,74.44,95.88,2.92,13101.09,2392.93
Houston,FM1764 R,110.21,247,68.66,95.03,2.79,13169.57,2394.84
Houston,FM1764 X,32.7,66,86.77,90.24,3.65,5344.02,2544.25
Houston,FM1765 K,0.5,1,88.0,100.0,2.97,8396.0,0.0
Houston,FM1774 K,48.43,100,98.29,99.48,3.76,17032.77,328.26
Houston,FM1774 L,13.48,31,96.31,99.07,3.81,6366.23,935.48
Houston,FM1774 R,13.44,31,97.86,98.66,4.04,6348.44,940.57
Houston,FM1876 L,80.03,203,86.93,97.55,3.08,7221.91,1201.02
Houston,FM1876 R,81.77,207,89.77,96.37,3.27,7216.41,1201.4
Houston,FM1942 K,0.78,12,53.06,95.06,2.41,19376.0,0.58
Houston,FM1959 K,3.91,10,66.61,100.0,2.58,28123.23,139.94
Houston,FM1959 L,0.82,2,73.5,100.0,2.74,14351.5,3573.0
Houston,FM1959 R,0.82,2,78.5,100.0,2.82,14351.5,3581.5
Houston,FM1960 A,16.34,48,59.14,93.56,2.51,16609.68,533.46
Houston,FM1960 K,329.83,712,81.97,87.13,3.33,41966.02,1481.21
Houston,FM1960 L,101.67,227,73.07,95.67,2.82,22768.74,469.66
Houston,FM1960 R,99.99,223,83.82,95.36,3.08,22677.7,470.33
Houston,FM1960 X,16.82,55,66.18,89.53,2.56,17214.17,549.56
Houston,FM2004 K,158.34,318,94.27,96.33,3.79,8454.83,547.51
Houston,FM2004 L,7.25,12,98.68,98.68,3.98,6512.55,349.9
Houston,FM2004 R,8.54,15,97.51,97.51,3.55,6799.27,392.95
Houston,FM2090 K,2.66,14,23.17,100.0,1.52,10793.88,306.74
Houston,FM2094 K,0.67,5,59.6,90.2,2.63,29863.8,83.6
Houston,FM2094 L,99.76,214,82.6,97.75,3.02,9763.79,929.94
Houston,FM2094 R,101.3,216,92.01,95.22,3.28,9752.76,915.68
Houston,FM2100 A,2.98,9,54.2,93.71,1.89,1327.18,308.55
Houston,FM2100 K,30.17,62,76.27,98.76,3.09,19952.69,586.26
Houston,FM2100 X,2.9,9,25.52,87.26,1.35,1416.69,299.39
Houston,FM2218 K,2.33,8,92.16,96.57,3.6,1072.53,0.19
Houston,FM2218 L,21.06,48,81.77,97.73,2.92,5390.93,394.8
Houston,FM2218 R,21.02,48,91.47,98.25,3.21,5388.36,395.48
Houston,FM2234 K,31.5,76,87.64,96.82,3.23,27634.99,379.37
Houston,FM2234 L,46.0,97,94.3,98.28,3.32,12731.08,170.39
Houston,FM2234 R,46.01,97,97.01,97.79,3.56,12732.48,170.44
Houston,FM2351 K,1.4,3,100.0,100.0,3.62,9978.57,0.0
Houston,FM2351 L,103.8,224,89.65,94.29,3.32,12837.68,1257.25
Houston,FM2351 R,103.54,222,86.21,97.16,3.1,12841.5,1259.91
Houston,FM2759 K,7.28,18,82.16,99.84,3.2,19052.14,3281.37
Houston,FM2759 L,2.34,4,74.46,100.0,2.75,10559.5,13.79
Houston,FM2759 R,3.53,8,71.72,100.0,2.7,10559.5,12.2
Houston,FM2854 K,7.49,16,90.59,90.59,3.85,11026.54,548.03
Houston,FM2920 K,4.55,18,88.75,98.64,3.37,42359.51,366.07
Houston,FM2978 K,18.63,56,88.13,91.05,3.48,20211.54,914.89
Houston,FM2978 L,9.53,29,89.7,99.16,3.32,10169.14,441.83
Houston,FM2978 R,9.53,29,83.5,99.0,3.22,10168.35,439.49
Houston,FM3083 K,0.32,1,100.0,100.0,4.2,20500.0,290.0
Houston,FM3345 L,22.76,48,82.28,92.1,3.04,11942.4,496.89
Houston,FM3345 R,22.75,48,92.28,96.7,3.2,11955.17,493.58
Houston,FS0525 K,4.65,15,66.01,96.83,2.64,17000.59,0.0
Houston,FS1464 K,0.12,5,5.2,100.0,0.22,15.4,0.0
Houston,IH0010 A,605.47,1264,72.15,89.01,2.83,17730.09,1728.8
Houston,IH0010 L,1430.96,3152,87.71,91.84,3.52,69610.37,2156.26
Houston,IH0010 R,1389.55,3072,88.88,91.79,3.57,70681.33,2177.41
Houston,IH0010 X,614.29,1329,75.61,87.23,3.03,17301.58,1787.93
Houston,IH0045 A,1028.2,2177,80.04,89.82,3.12,12114.73,1806.84
Houston,IH0045 L,1974.23,4170,84.74,90.15,3.56,76663.11,1773.79
Houston,IH0045 R,1921.97,4034,87.27,92.0,3.56,77844.9,1781.4
Houston,IH0045 X,1023.08,2168,83.11,92.21,3.14,12719.75,1714.45
Houston,IH0069 A,534.25,1070,71.81,90.09,2.84,15879.78,1055.6
Houston,IH0069 L,613.47,1228,91.48,94.53,3.66,65400.13,919.05
Houston,IH0069 R,612.72,1230,93.77,95.61,3.7,65304.01,895.41
Houston,IH0069 X,528.52,1057,67.4,87.06,2.79,13701.07,967.19
Houston,IH0610 A,633.5,1379,39.76,65.33,2.34,10386.3,2724.24
Houston,IH0610 L,1044.89,2469,79.34,84.78,3.34,83077.49,2436.07
Houston,IH0610 R,1039.73,2450,77.5,83.33,3.35,83025.8,2442.94
Houston,IH0610 X,633.09,1444,42.82,66.97,2.34,10783.55,2743.46
Houston,SH0003 K,88.31,190,84.09,97.28,3.05,12653.92,2377.92
Houston,SH0003 L,95.29,210,96.42,98.32,3.77,5287.27,1552.99
Houston,SH0003 R,94.76,209,93.12,94.82,3.66,5260.0,1512.51
Houston,SH0006 A,44.67,94,73.91,89.53,2.74,8792.0,3207.05
Houston,SH0006 K,365.96,765,79.86,85.77,3.31,28258.23,3914.59
Houston,SH0006 L,271.13,543,81.34,87.69,3.32,21996.42,2334.27
Houston,SH0006 R,271.24,547,88.58,93.75,3.45,21998.78,2328.63
Houston,SH0006 X,40.47,79,67.54,92.35,2.53,7748.93,3392.29
Houston,SH0035 A,2.39,22,40.43,58.49,1.17,3896.94,526.1
Houston,SH0035 K,121.71,265,62.73,85.44,2.79,21806.01,4357.63
Houston,SH0035 L,48.95,130,76.23,93.37,2.98,12179.76,991.76
Houston,SH0035 R,57.15,140,81.59,93.9,3.3,12311.75,1179.94
Houston,SH0036 K,103.65,215,66.33,75.25,3.25,12890.39,2339.64
Houston,SH0036 L,26.82,56,87.78,93.36,3.25,3515.77,1057.85
Houston,SH0036 R,15.98,34,77.09,86.23,2.94,3459.25,847.45
Houston,SH0075 K,5.23,19,64.42,98.89,2.51,10765.21,49.42
Houston,SH0096 L,49.16,109,95.0,97.31,3.49,9827.38,809.62
Houston,SH0096 R,49.16,109,91.6,93.71,3.49,9826.84,809.71
Houston,SH0099 A,93.48,209,86.69,91.93,3.29,9567.81,274.99
Houston,SH0099 K,3.4,10,89.39,94.12,3.21,13196.64,367.03
Houston,SH0099 L,817.03,1608,90.64,96.0,3.64,17450.48,623.27
Houston,SH0099 R,801.8,1583,93.8,96.08,3.81,17498.9,631.94
Houston,SH0099 X,77.79,185,83.4,88.81,3.28,7902.17,388.65
Houston,SH0105 K,358.92,738,94.47,97.9,3.66,27875.16,1382.13
Houston,SH0124 K,2.77,7,30.87,43.32,2.4,3361.02,235.74
Houston,SH0146 A,90.94,195,66.96,84.84,2.82,2944.86,2866.89
Houston,SH0146 K,59.56,132,75.38,88.76,3.09,36557.07,2878.4
Houston,SH0146 L,282.0,610,77.26,85.73,3.19,23387.38,1899.32
Houston,SH0146 R,267.85,575,81.58,88.37,3.22,24526.55,2078.05
Houston,SH0146 X,82.25,170,73.23,86.86,2.85,2893.21,3053.67
Houston,SH0159 K,0.59,3,0.0,66.21,0.87,4238.17,644.87
Houston,SH0225 A,173.47,367,72.51,78.93,3.22,4735.75,4478.76
Houston,SH0225 L,324.33,699,65.69,78.29,3.08,37688.22,3947.75
Houston,SH0225 R,324.28,697,69.22,80.7,3.09,38394.55,3985.13
Houston,SH0225 X,181.19,376,59.11,68.84,3.08,5313.59,4739.49
Houston,SH0242 A,4.4,9,75.5,77.4,3.12,3307.66,993.62
Houston,SH0242 K,61.72,124,91.1,93.94,3.64,27411.35,429.4
Houston,SH0242 L,179.46,400,93.46,96.59,3.5,11932.76,513.22
Houston,SH0242 R,179.06,399,96.31,98.1,3.6,11966.67,515.16
Houston,SH0242 X,3.78,9,53.81,72.02,2.7,5050.53,828.67
Houston,SH0249 A,179.11,369,88.43,94.38,3.32,15701.91,516.48
Houston,SH0249 K,192.64,439,93.42,97.54,3.56,40560.95,882.68
Houston,SH0249 L,332.94,712,95.76,98.42,3.64,25062.53,678.74
Houston,SH0249 R,333.84,713,96.21,98.56,3.74,25019.08,681.58
Houston,SH0249 X,182.75,379,87.69,96.85,3.1,16837.13,499.23
Houston,SH0275 K,5.02,11,62.45,80.06,2.81,14266.59,5314.78
Houston,SH0275 L,5.33,15,98.05,100.0,2.73,1987.82,5833.8
Houston,SH0275 R,5.3,15,98.27,99.1,2.83,1988.16,5779.58
Houston,SH0288 A,247.04,549,75.23,87.29,2.99,7800.72,1316.94
Houston,SH0288 K,30.05,60,32.03,52.99,2.51,24382.45,5912.5
Houston,SH0288 L,1157.03,2470,78.81,82.89,3.42,23933.42,1270.44
Houston,SH0288 R,1146.51,2453,77.46,81.16,3.41,23958.7,1254.56
Houston,SH0288 X,236.55,533,76.08,86.68,3.01,6514.27,1283.87
Houston,SH0332 K,85.49,176,84.75,87.81,3.8,14536.29,1769.56
Houston,SH0332 L,40.74,90,65.56,86.7,2.94,9206.48,2334.09
Houston,SH0332 R,40.84,87,59.99,84.77,2.73,9153.59,2230.83
Houston,SHNASA A,5.89,14,47.52,95.36,2.19,8085.15,541.44
Houston,SHNASA K,82.14,170,67.2,90.49,2.75,22337.21,486.79
Houston,SHNASA L,55.84,127,95.31,99.19,3.44,18854.59,442.4
Houston,SHNASA R,55.87,127,92.65,98.37,3.29,18852.93,442.95
Houston,SHNASA X,5.98,14,61.28,95.65,2.43,9477.06,553.77
Houston,SL0008 A,989.93,2104,83.19,93.92,3.11,18757.81,1910.43
Houston,SL0008 L,61.4,121,93.24,94.22,3.76,54463.21,1900.74
Houston,SL0008 R,61.31,119,90.21,91.62,3.82,54038.68,1837.88
Houston,SL0008 X,1016.69,2173,84.97,93.7,3.2,18576.33,1837.59
Houston,SL0197 K,40.62,84,72.25,99.5,2.74,12088.87,8090.87
Houston,SL0274 K,1.45,7,72.32,84.44,2.98,12000.6,6.5
Houston,SL0336 K,345.57,730,94.48,96.92,3.49,14569.4,437.4
Houston,SL0336 L,45.76,134,89.21,98.0,3.09,9739.2,180.75
Houston,SL0336 R,44.99,132,78.95,94.87,2.88,9798.06,181.32
Houston,SL0494 K,5.18,19,66.27,99.65,2.51,9417.51,9.88
Houston,SL0494 L,3.51,10,76.37,98.06,2.81,5144.46,775.63
Houston,SL0494 R,3.27,9,58.77,89.49,2.58,5138.96,832.01
Houston,SL0540 K,5.4,17,93.34,100.0,3.69,1813.88,171.86
Houston,SL0541 K,0.79,2,100.0,100.0,3.77,475.5,0.0
Houston,SS0005 A,14.59,26,68.97,81.85,2.74,4108.77,548.48
Houston,SS0005 L,57.79,121,65.93,96.51,2.61,15729.87,201.85
Houston,SS0005 R,60.9,127,57.91,94.77,2.46,15731.25,244.68
Houston,SS0005 X,14.76,32,88.08,98.63,2.81,4679.36,320.17
Houston,SS0010 K,32.91,70,93.9,98.11,3.47,3042.33,54.12
Houston,SS0010 L,17.32,34,92.27,92.37,3.63,1768.28,0.0
Houston,SS0010 R,17.28,33,95.78,95.78,3.38,1767.92,0.0
Houston,SS0261 L,116.61,304,82.08,94.38,2.97,14421.16,19.35
Houston,SS0261 R,112.15,278,73.34,85.71,2.95,14426.29,20.3
Houston,SS0330 A,68.95,144,92.04,95.93,3.3,5703.5,936.67
Houston,SS0330 L,87.56,175,98.04,99.53,3.62,17745.93,948.28
Houston,SS0330 R,91.79,192,94.87,97.57,3.58,17812.88,969.53
Houston,SS0330 X,73.12,151,86.55,94.49,3.14,5411.49,966.88
Houston,SS0527 A,6.09,21,39.74,88.54,1.93,9281.34,443.35
Houston,SS0527 L,22.02,65,61.0,94.53,2.18,30360.2,638.39
Houston,SS0527 R,22.64,67,48.02,90.17,1.95,30497.47,605.04
Houston,SS0527 X,7.71,24,36.46,82.66,1.71,3472.24,609.28
Houston,SS0529 K,3.51,29,55.58,100.0,2.35,6623.1,3.48
Houston,SS0548 L,32.06,71,64.82,95.12,2.61,29643.63,29.13
Houston,SS0548 R,31.68,66,63.84,93.72,2.63,29382.95,27.46
Houston,UA0090 A,48.55,130,76.27,93.0,2.59,4097.13,1127.84
Houston,UA0090 K,10.31,24,55.86,96.79,2.37,11111.28,805.93
Houston,UA0090 L,370.43,778,82.65,94.54,3.15,25280.63,463.34
Houston,UA0090 R,380.8,804,80.24,95.74,3.02,25054.39,473.87
Houston,UA0090 X,39.95,112,86.34,95.14,3.03,4360.95,1197.9
Houston,US0059 A,109.96,256,35.86,68.29,2.02,3436.19,3188.34
Houston,US0059 L,323.83,684,81.06,88.95,3.29,74803.7,1854.43
Houston,US0059 R,354.21,747,80.81,89.35,3.22,69904.17,1837.87
Houston,US0059 X,111.14,254,51.43,71.61,2.3,3456.91,2860.08
Houston,US0090 A,72.63,169,90.49,94.29,3.32,5084.0,882.22
Houston,US0090 K,2.0,5,61.94,94.94,2.36,8959.31,604.56
Houston,US0090 L,282.29,625,89.83,91.98,3.63,14352.56,833.87
Houston,US0090 R,468.08,1019,77.91,83.85,3.37,11795.37,847.82
Houston,US0090 X,51.64,110,85.87,94.85,3.11,3938.76,1037.13
Houston,US0290 A,310.99,675,81.04,93.13,3.03,13197.16,940.69
Houston,US0290 L,928.49,1923,90.96,94.36,3.77,45043.22,1268.86
Houston,US0290 R,935.56,1936,89.35,93.08,3.76,45157.94,1299.42
Houston,US0290 X,389.97,821,78.85,91.33,3.08,14606.05,882.35
Laredo,BI0035CK,0.22,1,34.0,100.0,2.0,5470.0,0.0
Laredo,BU0277NK,0.2,3,14.33,83.33,1.2,10876.0,14448.33
Laredo,FM0624 K,0.06,1,57.0,89.0,2.1,1469.0,0.0
Laredo,FM1472 A,3.02,9,75.91,89.06,2.28,1083.43,261.34
Laredo,FM1472 L,22.56,51,73.54,91.64,3.19,19451.67,462.57
Laredo,FM1472 R,24.62,53,63.55,94.57,2.93,18353.79,534.93
Laredo,FM1472 X,3.06,9,78.15,97.32,2.25,1093.5,269.65
Laredo,IH0035 A,12.37,25,75.89,89.73,2.8,2496.23,828.86
Laredo,IH0035 L,29.6,59,93.99,94.41,3.89,16653.54,947.44
Laredo,IH0035 R,50.16,100,84.7,84.86,3.7,13247.2,1791.97
Laredo,IH0035 X,20.78,43,93.51,98.22,3.15,2772.03,860.29
Laredo,IH0069WA,17.19,37,99.66,99.77,4.14,7568.06,0.0
Laredo,IH0069WL,16.52,29,96.35,98.89,4.16,12387.01,0.0
Laredo,IH0069WR,16.55,30,96.48,96.48,4.24,12392.53,0.0
Laredo,IH0069WX,18.3,37,99.15,99.15,4.06,6337.87,0.0
Laredo,SH0044 K,0.12,4,26.0,78.75,1.48,1600.75,0.0
Laredo,SL0020 L,5.0,10,87.1,100.0,2.91,12745.0,40.4
Laredo,SL0020 R,4.5,9,82.78,100.0,2.76,12251.67,0.0
Laredo,SS0259 L,0.32,1,27.0,99.0,1.84,18187.0,0.0
Laredo,SS0297 L,0.35,4,24.46,89.16,1.45,6903.82,82.1
Laredo,SS0297 R,1.26,11,13.94,80.19,1.11,6918.13,1409.71
Laredo,UP0277 K,0.97,4,89.75,100.0,3.78,7529.0,30.0
Laredo,US0059 A,1.58,7,54.84,94.7,2.48,6250.15,1.51
Laredo,US0059 L,10.18,17,95.31,95.31,3.92,18660.72,0.12
Laredo,US0059 R,10.28,18,87.45,95.85,3.59,18710.97,0.12
Laredo,US0059 X,0.47,2,99.0,99.0,3.5,5867.0,5.0
Laredo,US0083 L,1.02,2,64.59,93.62,2.74,20974.0,55.49
Laredo,US0083 R,3.71,7,29.45,89.42,1.84,19982.65,171.43
Laredo,US0090 K,3.5,7,84.14,84.57,3.41,1472.71,2367.29
Laredo,US0277 K,0.35,2,45.5,100.0,2.25,21656.5,0.0
Laredo,US0277 L,3.83,8,43.5,94.52,2.22,11591.49,733.42
Laredo,US0277 R,3.82,8,60.53,100.0,2.54,11591.44,732.05
Lubbock,BI0027UK,6.24,8,82.75,82.75,2.95,2192.75,460.25
Lubbock,BI0027UL,29.58,64,70.09,79.74,3.09,1552.2,90.43
Lubbock,BI0027UR,29.28,62,72.47,82.1,3.15,1436.57,86.98
Lubbock,BS0214AK,0.06,4,6.5,100.0,0.35,2721.0,878.0
Lubbock,FM0179 K,0.8,4,67.25,100.0,2.33,2901.75,1244.75
Lubbock,FM0835 K,0.76,5,28.4,63.0,2.35,3213.8,619.2
Lubbock,FM2008 K,2.5,5,76.0,88.8,1.95,19.0,19.0
Lubbock,FM2055 K,0.15,5,83.0,100.0,2.66,2227.6,168.6
Lubbock,FM2255 K,13.32,26,79.82,99.59,3.04,23399.6,5755.28
Lubbock,FM2641 K,0.07,1,38.0,100.0,2.1,5015.0,11.0
Lubbock,IH0027 A,51.71,136,83.89,96.25,2.92,3835.68,605.75
Lubbock,IH0027 L,2579.99,5366,86.95,87.58,3.76,6636.14,592.86
Lubbock,IH0027 R,2579.85,5366,87.29,87.81,3.82,6636.07,593.1
Lubbock,IH0027 X,82.52,193,75.38,90.04,2.9,6314.84,753.95
Lubbock,SH0086 K,1.54,4,94.81,98.05,2.81,1235.6,11227.69
Lubbock,SH0114 K,8.0,21,93.61,99.92,3.59,29713.73,542.34
Lubbock,SH0114 L,5.78,31,86.8,94.52,3.16,14028.43,164.86
Lubbock,SH0114 R,5.56,29,88.85,93.88,3.37,13941.96,163.81
Lubbock,SL0289 A,55.56,139,86.16,95.0,3.22,5912.42,993.42
Lubbock,SL0289 L,110.66,244,93.94,94.26,3.58,19952.84,710.04
Lubbock,SL0289 R,104.91,228,96.65,97.05,3.86,19740.81,748.46
Lubbock,SL0289 X,37.11,94,90.98,98.75,3.34,6886.72,590.41
Lubbock,SL0430 K,1.11,15,66.75,100.0,2.17,675.78,44.05
Lubbock,SS0326 A,0.2,1,100.0,100.0,2.3,230.0,0.0
Lubbock,SS0326 L,6.57,36,67.45,90.1,2.66,3188.15,203.76
Lubbock,SS0326 R,6.11,36,74.66,93.77,2.75,3190.63,197.2
Lubbock,SS0327 A,0.06,1,90.0,100.0,3.0,9748.0,4.0
Lubbock,SS0327 L,21.41,47,98.22,99.81,3.65,7781.4,49.59
Lubbock,SS0327 R,17.24,39,86.07,97.07,3.35,8387.24,50.2
Lubbock,SS0327 X,2.6,9,67.2,100.0,2.27,9698.67,90.16
Lubbock,SS0331 K,0.05,6,43.67,100.0,1.92,1970.0,3.83
Lubbock,SS0575 K,0.05,3,13.0,97.67,0.6,2589.0,781.0
Lubbock,US0060 K,4.11,9,72.71,96.61,2.76,9762.54,4856.52
Lubbock,US0062 A,54.74,120,76.7,98.6,2.95,6048.56,128.89
Lubbock,US0062 K,4.66,14,65.9,92.99,2.72,10576.36,244.65
Lubbock,US0062 L,53.68,123,96.67,99.52,3.75,17945.85,107.74
Lubbock,US0062 R,51.1,118,96.81,98.11,3.97,18228.71,115.42
Lubbock,US0062 X,50.72,112,81.87,98.47,3.14,5788.74,125.77
Lubbock,US0070 L,0.04,1,90.0,100.0,2.5,1282.0,0.0
Lubbock,US0070 R,0.02,1,80.0,80.0,2.9,1282.0,0.0
Lubbock,US0082 A,34.74,68,80.51,96.81,3.13,6561.57,1462.12
Lubbock,US0082 L,65.72,138,84.32,98.51,3.47,13961.54,1156.59
Lubbock,US0082 R,64.09,137,86.31,97.11,3.56,14059.8,1109.58
Lubbock,US0082 X,28.31,66,80.32,93.71,3.3,7172.42,1120.66
Lubbock,US0084 K,28.95,73,79.01,79.66,3.95,12832.4,1915.78
Lubbock,US0084 L,1.01,2,100.0,100.0,4.06,5768.43,293.34
Lubbock,US0084 R,0.5,1,100.0,100.0,4.4,5693.0,131.0
Lubbock,US0087 A,0.11,1,71.0,100.0,2.7,6753.0,0.0
Lubbock,US0087 K,14.36,32,91.48,92.36,3.18,1746.47,1089.75
Lubbock,US0087 L,13.01,27,96.2,100.0,3.43,6137.74,816.27
Lubbock,US0087 R,13.15,32,99.99,100.0,3.44,6102.17,808.0
Lubbock,US0087 X,0.13,2,98.5,100.0,3.2,6040.0,0.0
Lufkin,BU0059GL,5.38,22,93.69,99.82,3.2,4520.59,465.29
Lufkin,BU0059GR,5.85,24,98.21,99.69,3.51,4811.37,428.92
Lufkin,BU0069JL,0.24,1,85.0,85.0,2.85,1430.0,11.0
Lufkin,BU0069JR,1.32,6,74.68,95.72,2.32,1291.05,2433.77
Lufkin,FM0356 K,2.48,5,100.0,100.0,3.39,2600.81,849.58
Lufkin,FM1877 K,0.16,5,92.8,100.0,2.5,389.8,294.4
Lufkin,FM2021 K,3.0,6,91.83,98.83,3.31,2729.0,4616.67
Lufkin,FM2110 K,0.02,1,62.0,88.0,2.2,971.0,56.0
Lufkin,FM2914 K,0.37,4,25.75,99.75,1.03,1486.5,290.75
Lufkin,FM3460 K,1.31,10,56.3,100.0,1.86,821.63,11002.66
Lufkin,FM3521 K,0.61,10,82.31,99.06,2.34,646.72,128.98
Lufkin,SH0007 K,5.6,12,96.97,96.97,4.3,3340.4,4583.82
Lufkin,SH0019 K,1.08,5,11.2,13.04,3.47,10481.69,10397.78
Lufkin,SH0021 K,13.41,25,76.75,76.75,3.8,3037.05,3465.4
Lufkin,SH0094 K,2.82,8,89.56,89.56,4.07,3241.33,3132.27
Lufkin,SH0103 L,0.09,1,48.0,100.0,2.3,8650.0,9.0
Lufkin,SH0103 R,0.09,1,0.0,100.0,0.0,8650.0,9.0
Lufkin,SH0147 K,3.54,7,54.69,54.69,3.35,1275.11,5782.68
Lufkin,SL0287 L,1.92,9,100.0,100.0,3.83,14528.55,3368.84
Lufkin,SL0287 R,1.0,2,100.0,100.0,4.34,10728.0,4992.0
Lufkin,SL0287 X,0.82,5,74.57,88.83,2.87,2280.33,3267.38
Lufkin,SL0304 K,1.0,2,96.0,99.5,3.13,5575.0,4366.5
Lufkin,SL0500 K,0.5,1,100.0,100.0,4.15,2936.0,0.0
Lufkin,US0059 A,52.38,111,92.6,93.88,3.46,2514.6,4582.24
Lufkin,US0059 K,12.03,26,88.5,88.52,4.12,32735.87,7712.79
Lufkin,US0059 L,110.53,228,97.19,98.65,3.82,14857.08,4714.52
Lufkin,US0059 R,105.23,217,95.32,98.19,3.82,14245.23,4319.02
Lufkin,US0059 X,50.26,106,94.57,95.71,3.61,1923.36,4212.57
Lufkin,US0069 A,1.18,9,94.26,100.0,2.63,2661.0,1030.45
Lufkin,US0069 L,5.74,18,94.49,94.49,4.09,6309.68,2774.03
Lufkin,US0069 R,6.86,22,97.56,97.56,4.13,5798.01,2732.95
Lufkin,US0084 R,0.21,2,66.5,88.5,2.69,1494.5,3.5
Lufkin,US0190 K,4.0,8,75.0,75.0,3.85,6552.5,7769.75
Odessa,BI0020EA,4.92,10,76.5,80.4,3.22,3115.0,2026.37
Odessa,BI0020EL,33.32,69,99.33,99.88,3.47,7905.42,731.51
Odessa,BI0020ER,33.81,70,97.53,98.08,3.61,7963.86,726.3
Odessa,IH0010 R,0.52,2,99.83,100.0,4.08,6860.88,133.24
Odessa,IH0020 L,1.0,2,91.5,100.0,3.03,23918.0,2850.0
Odessa,IH0020 R,1.0,2,90.48,95.99,3.1,23918.0,2841.51
Odessa,SH0158 A,3.38,12,46.3,67.92,2.74,14414.89,206.16
Odessa,SH0158 L,3.5,7,99.14,99.14,4.36,10137.86,209.43
Odessa,SL0250 A,0.07,7,31.71,100.0,1.46,6827.14,0.0
Odessa,SL0250 X,0.07,7,42.86,100.0,1.64,7381.43,0.0
Paris,FM0120 K,32.73,66,60.04,94.28,2.67,13500.12,383.19
Paris,FM0121 K,6.03,12,99.34,99.34,3.86,7654.0,8314.08
Paris,FM0121 L,10.19,19,96.68,98.12,3.12,3537.91,2090.99
Paris,FM0121 R,10.2,19,97.27,97.55,3.27,3538.56,2096.1
Paris,FM0151 K,3.5,7,75.57,81.57,2.76,1583.0,5497.29
Paris,FM0691 K,9.93,26,92.3,96.54,3.42,6176.91,2024.21
Paris,FM0691 L,3.54,12,99.5,99.5,3.49,3295.18,1615.65
Paris,FM0691 R,3.53,12,91.54,92.03,3.57,3295.45,1610.55
Paris,FM1417 K,4.01,8,85.68,100.0,3.11,12564.2,711.55
Paris,FM1903 K,3.4,8,91.03,96.26,3.59,2614.01,4136.52
Paris,FM2946 K,0.5,1,0.0,0.0,2.67,1885.0,464.0
Paris,FM3356 K,0.04,2,1.0,98.0,0.1,1378.0,1.5
Paris,IH0030 A,7.0,14,91.43,94.43,3.68,3852.36,3289.29
Paris,IH0030 L,328.35,660,58.94,59.4,3.76,14201.72,3854.82
Paris,IH0030 R,329.77,662,52.81,52.98,3.82,14232.02,3855.78
Paris,IH0030 X,8.46,17,96.93,96.93,3.65,2894.38,3544.86
Paris,SH0011 K,24.72,56,75.47,86.49,3.1,8729.31,4200.51
Paris,SH0019 K,1.2,10,80.85,98.6,2.97,7168.03,1078.93
Paris,SH0019 R,0.93,3,91.21,92.27,3.3,3582.61,1447.35
Paris,SH0034 K,4.0,8,71.38,87.5,3.12,17590.5,3569.38
Paris,SH0034 R,0.43,2,89.95,100.0,2.63,4822.66,122.27
Paris,SH0037 K,1.0,3,54.47,54.47,4.09,2157.84,1320.28
Paris,SH0050 K,0.02,1,47.0,100.0,1.8,1076.0,15.0
Paris,SH0091 L,7.48,15,83.38,86.9,3.43,6933.31,264.15
Paris,SH0091 R,4.97,8,83.8,83.8,3.99,7724.75,330.65
Paris,SH0276 K,4.83,10,61.79,62.0,3.35,4986.02,2430.38
Paris,SL0205 K,7.59,16,58.07,85.05,2.19,3052.68,2071.13
Paris,SS0302 K,1.28,11,78.8,93.5,3.38,4601.84,248.07
Paris,SS0302 L,0.6,1,96.0,100.0,2.61,1882.0,13.0
Paris,SS0302 R,0.04,1,20.0,83.0,1.3,2577.0,15.0
Paris,SS0503 R,0.5,1,59.0,86.0,2.66,6095.0,1003.0
Paris,US0069 K,15.92,32,69.63,92.64,2.84,7045.62,4254.35
Paris,US0069 L,50.55,112,57.2,66.38,3.11,15103.38,3442.84
Paris,US0069 R,50.25,111,43.79,57.62,2.81,14302.86,3462.15
Paris,US0069 X,3.29,8,100.0,100.0,3.5,1655.38,2455.25
Paris,US0075 A,8.49,17,69.76,90.76,2.67,5161.76,5220.01
Paris,US0075 L,317.52,627,92.94,94.28,3.75,18749.24,3716.76
Paris,US0075 R,327.45,650,81.05,83.51,3.52,18867.43,3734.29
Paris,US0075 X,8.5,17,79.06,89.59,2.6,2336.52,1962.28
Paris,US0082 A,16.8,36,56.16,72.63,2.68,3140.19,1815.47
Paris,US0082 K,1.0,2,100.0,100.0,4.55,7393.5,3117.0
Paris,US0082 L,112.69,249,74.41,88.62,3.02,9001.94,1896.28
Paris,US0082 R,104.39,234,71.65,89.61,2.9,9252.94,1924.22
Paris,US0082 X,15.71,36,75.78,81.11,2.81,2473.4,1816.55
Paris,US0271 K,0.07,1,0.0,0.0,3.8,4004.0,249.0
Paris,US0271 L,90.84,181,43.1,45.54,3.23,6099.67,797.78
Paris,US0380 K,0.01,1,95.0,100.0,3.1,12746.0,318.0
Paris,US0380 L,3.06,11,86.84,87.51,3.85,6763.14,2304.22
Paris,US0380 R,3.03,11,92.34,92.58,3.63,7813.61,2309.53
Pharr,BU0281WL,0.35,1,68.0,100.0,2.65,9050.0,0.0
Pharr,FM0313 K,0.1,2,4.0,100.0,0.9,9378.5,98.0
Pharr,FM0490 K,0.1,1,5.0,41.0,0.9,1474.0,6113.0
Pharr,FM0755 K,0.53,10,53.56,99.19,1.9,1220.72,250.08
Pharr,FM0800 K,0.53,1,94.0,94.0,3.07,1313.0,693.0
Pharr,FM1015 K,0.82,3,26.71,90.53,1.88,22349.23,1147.59
Pharr,FM1016 K,1.35,19,18.55,95.96,0.87,11298.63,43.53
Pharr,FM1925 K,1.4,7,22.36,98.02,1.66,22151.4,1435.91
Pharr,FM2812 K,0.7,14,33.84,99.74,1.71,10101.76,118.69
Pharr,IH0002 A,0.51,1,83.0,99.0,2.9,5081.0,4816.0
Pharr,IH0002 L,0.7,2,0.0,0.0,2.83,26339.5,932.5
Pharr,IH0002 R,6.05,12,90.25,90.25,4.18,28538.67,1676.58
Pharr,IH0002 X,0.49,1,100.0,100.0,3.1,4544.0,4572.0
Pharr,IH0069CA,0.03,2,90.0,100.0,2.5,1964.0,0.0
Pharr,IH0069CX,0.0,1,100.0,100.0,2.5,453.0,0.0
Pharr,IH0069EA,3.85,8,85.58,86.49,3.12,7190.22,561.64
Pharr,IH0069EL,3.51,7,71.35,71.49,3.74,21570.17,91.54
Pharr,IH0069ER,8.57,17,75.66,75.66,4.13,20248.6,2220.13
Pharr,IH0069EX,3.0,6,99.5,99.5,3.43,3914.17,675.33
Pharr,IH0169 L,7.18,16,87.46,98.36,2.9,2838.07,0.0
Pharr,IH0169 R,9.0,18,93.44,100.0,2.99,2193.89,0.0
Pharr,IH0169 X,0.73,3,29.0,100.0,1.89,8266.67,0.0
Pharr,PR0100 L,5.33,11,15.71,19.76,3.02,9539.03,333.67
Pharr,PR0100 R,5.33,11,9.29,9.29,3.0,9539.03,333.67
Pharr,SH0004 K,0.06,4,0.5,73.75,0.12,16700.0,0.0
Pharr,SH0048 K,9.66,17,64.65,95.15,2.7,22792.0,881.69
Pharr,SH0107 K,2.83,22,31.96,99.84,1.77,19270.76,525.24
Pharr,SH0186 K,1.71,21,30.7,92.15,1.32,2825.66,7.9
Pharr,SH0336 R,2.82,5,90.2,100.0,3.5,7233.6,132.8
Pharr,SH0495 K,0.86,5,98.0,100.0,3.04,6601.2,68.4
Pharr,SH0550 K,0.51,2,56.0,100.0,2.21,3249.5,1.0
Pharr,SH0550 L,9.82,26,84.56,95.75,3.32,5901.42,0.0
Pharr,SH0550 R,11.38,28,89.55,98.56,3.89,6173.47,0.0
Pharr,SS0115 L,1.0,2,0.0,0.0,2.87,12007.0,1969.5
Pharr,SS0115 R,1.0,2,0.0,0.0,2.65,12007.0,1969.5
Pharr,SS0425 K,0.04,2,0.5,92.5,0.4,12651.5,0.0
Pharr,SS0433 K,0.82,10,38.29,98.33,1.87,12216.18,46.85
Pharr,SS0600 K,3.06,30,33.13,99.11,1.68,15263.2,1788.52
Pharr,UP0281 A,1.29,4,64.5,97.0,2.62,6114.75,104.0
Pharr,UP0281 K,9.74,18,92.12,100.0,3.75,16738.83,414.72
Pharr,UP0281 L,2.0,4,80.0,90.5,3.56,8975.75,193.25
Pharr,UP0281 R,2.0,4,90.5,100.0,3.72,8975.75,193.25
Pharr,UP0281 X,1.29,4,83.25,98.5,3.07,5754.5,103.5
Pharr,US0281 K,2.17,7,81.94,96.6,3.75,8831.77,906.01
Pharr,US0281 L,2.6,4,66.85,70.14,3.41,8152.91,910.1
Pharr,US0281 R,1.55,2,41.0,50.0,2.81,8613.5,183.0
San Angelo,IH0010 A,1.83,4,86.98,86.98,3.4,155.75,200.89
San Angelo,IH0010 L,1.59,4,100.0,100.0,4.83,5588.47,472.18
San Angelo,IH0010 R,0.7,2,100.0,100.0,4.7,5596.48,143.27
San Angelo,RM0335 K,6.43,19,82.95,94.74,2.35,128.08,1276.15
San Angelo,RM0337 K,3.5,7,97.71,97.71,3.0,1978.29,745.14
San Angelo,SH0137 K,0.5,1,55.0,100.0,1.94,1825.0,0.0
San Angelo,US0067 A,1.0,2,86.5,86.5,3.84,11154.0,3738.0
San Angelo,US0067 L,1.36,2,49.99,69.5,2.21,1274.44,280.76
San Angelo,US0067 R,1.41,2,81.46,88.46,2.54,1272.73,314.15
San Angelo,US0083 K,4.17,13,84.51,98.3,3.6,4261.36,1725.96
San Angelo,US0083 L,0.07,5,93.71,100.0,3.16,2453.85,161.33
San Angelo,US0083 R,0.08,4,27.04,100.0,1.49,2414.93,117.68
San Angelo,US0277 K,21.79,44,37.52,99.82,2.02,5003.4,467.12
San Angelo,US0377 K,4.96,10,82.83,86.78,2.97,1698.15,2406.98
San Antonio,FM0306 L,0.99,2,79.5,100.0,2.65,3675.0,633.0
San Antonio,FM0306 R,0.99,2,100.0,100.0,3.25,3675.0,633.0
San Antonio,FM1103 K,0.3,2,21.0,100.0,1.65,18871.0,0.0
San Antonio,FM1535 L,0.14,1,53.0,100.0,2.4,12720.0,4.0
San Antonio,FM1535 R,0.14,1,0.0,0.0,2.9,12720.0,4.0
San Antonio,IH0010 A,21.2,57,63.35,69.38,2.64,1050.21,739.13
San Antonio,IH0010 L,204.49,453,86.69,95.51,3.46,69879.36,1070.09
San Antonio,IH0010 R,192.85,422,90.7,94.47,3.66,69246.65,1016.84
San Antonio,IH0010 X,4.7,11,65.71,95.73,2.61,6593.51,3300.29
San Antonio,IH0035 A,0.82,3,85.34,96.09,3.57,11842.13,523.36
San Antonio,IH0035 L,83.84,187,69.64,80.02,3.35,72637.62,1171.62
San Antonio,IH0035 R,55.86,124,58.07,76.11,3.02,75587.07,1519.18
San Antonio,IH0035 X,0.33,1,100.0,100.0,4.1,14585.0,31.0
San Antonio,IH0037 A,5.56,18,33.91,97.43,1.86,5686.34,2132.54
San Antonio,IH0037 L,0.01,1,95.0,100.0,3.1,14167.0,0.0
San Antonio,IH0410 A,3.6,10,92.85,99.35,3.12,21605.25,12604.05
San Antonio,IH0410 L,39.81,86,83.25,90.7,3.58,74294.64,1888.14
San Antonio,IH0410 R,32.68,70,89.01,95.01,3.45,77915.47,2125.93
San Antonio,PA1502 L,2.82,5,85.48,98.6,3.33,23307.45,67.42
San Antonio,PA1502 R,3.32,6,99.8,99.8,4.22,22010.35,56.94
San Antonio,SH0055 K,3.0,6,84.5,88.33,3.28,1654.0,3045.5
San Antonio,SH0072 K,0.14,2,42.0,100.0,1.7,1699.0,0.0
San Antonio,SH0127 K,3.0,6,60.33,99.5,2.18,1066.83,1830.5
San Antonio,SH0151 R,1.0,2,58.5,60.0,3.22,33337.0,138.0
San Antonio,SL0345 K,0.22,1,27.0,83.0,1.98,19328.0,444.0
San Antonio,SL1604 L,7.11,14,94.31,97.4,3.76,28945.51,709.22
San Antonio,SL1604 R,6.11,12,82.0,100.0,3.4,29001.37,695.18
San Antonio,US0281 L,14.61,30,94.8,100.0,3.69,40742.74,338.19
San Antonio,US0281 R,14.12,29,98.12,99.89,3.95,40409.61,333.21
Tyler,BU0175GK,0.85,8,73.95,99.4,2.77,6336.73,110.47
Tyler,FM0049 K,0.38,1,89.0,89.0,3.0,1175.0,3248.0
Tyler,FM0085 K,0.5,1,86.0,86.0,3.3,2554.0,29122.0
Tyler,FM0315 K,1.37,3,63.58,63.58,3.61,3614.09,1204.55
Tyler,FM0514 K,0.5,1,88.0,88.0,3.3,959.0,1571.0
Tyler,FM2087 K,0.26,4,65.0,100.0,2.07,2924.5,0.0
Tyler,FM2767 K,1.0,2,0.0,0.0,2.75,930.0,686.5
Tyler,IH0020 L,239.88,486,92.81,94.36,4.2,16703.34,3464.39
Tyler,IH0020 R,237.49,481,84.32,86.44,4.07,16627.0,3412.18
Tyler,IH0020 X,10.39,21,94.27,94.27,3.37,130.07,6540.75
Tyler,SH0019 K,3.31,6,92.0,92.0,3.91,13461.5,6384.83
Tyler,SH0031 K,10.3,30,87.51,93.56,3.27,11867.1,4856.89
Tyler,SH0031 L,6.29,15,84.59,84.59,3.6,11386.55,437.97
Tyler,SH0031 R,0.38,1,94.0,100.0,3.07,3694.0,11095.0
Tyler,SH0064 K,44.35,90,83.73,98.94,2.97,8180.48,684.03
Tyler,SH0154 K,0.71,2,34.31,34.31,4.03,4301.93,220.28
Tyler,SH0155 K,0.76,1,74.0,74.0,3.35,12885.0,1943.0
Tyler,SH0198 K,1.0,2,0.0,0.0,2.59,3891.0,268.0
Tyler,SH0198 L,1.22,2,100.0,100.0,3.54,4266.17,20.31
Tyler,SH0198 R,2.44,4,46.17,50.0,3.36,4542.36,215.64
Tyler,SH0294 K,0.12,1,85.0,85.0,2.8,1227.0,136.0
Tyler,SH0322 K,0.47,7,81.3,97.2,2.91,24067.25,160.74
Tyler,SH0334 K,4.29,10,72.94,77.83,3.36,18881.32,757.84
Tyler,SL0007 K,0.7,1,84.0,84.0,4.17,4328.0,0.0
Tyler,SL0256 K,0.36,5,79.6,100.0,3.06,12240.0,0.0
Tyler,SL0281 A,0.64,4,100.0,100.0,2.67,99.0,3271.75
Tyler,SL0281 K,3.12,7,99.84,100.0,3.86,15451.53,841.43
Tyler,SL0281 L,3.32,11,98.09,98.46,3.89,8787.21,8699.92
Tyler,SL0281 R,3.25,8,94.74,95.8,3.72,9102.75,14468.74
Tyler,SL0281 X,0.66,4,75.0,100.0,3.0,99.0,3395.0
Tyler,SL0323 L,2.5,5,100.0,100.0,3.54,14056.0,2854.8
Tyler,SL0323 R,1.5,3,97.0,97.0,3.87,14144.33,3209.33
Tyler,SL0571 L,1.28,20,54.84,100.0,1.54,1814.29,4.81
Tyler,SL0571 R,0.06,1,71.0,100.0,2.2,1526.0,0.0
Tyler,US0069 A,2.47,12,99.02,99.02,4.07,687.79,823.02
Tyler,US0069 X,2.45,12,99.29,99.29,3.93,6150.11,840.17
Tyler,US0079 A,2.26,5,100.0,100.0,3.02,499.0,122.08
Tyler,US0079 K,4.47,9,85.89,94.4,3.25,10351.12,575.85
Tyler,US0079 L,27.27,53,93.62,93.89,4.33,4315.8,204.08
Tyler,US0079 R,7.07,13,88.52,88.52,3.62,4809.45,617.31
Tyler,US0079 X,0.98,2,100.0,100.0,3.09,499.0,50.0
Tyler,US0084 K,3.2,7,79.64,79.64,3.98,1104.71,1912.57
Tyler,US0175 A,0.9,4,100.0,100.0,2.76,99.0,1341.49
Tyler,US0175 K,87.17,194,96.02,97.93,3.69,12662.74,2629.09
Tyler,US0175 L,2.09,5,94.01,94.01,4.2,5023.59,5809.6
Tyler,US0175 R,3.09,7,93.84,93.84,4.44,5200.32,5293.85
Tyler,US0259 K,2.26,4,87.62,95.15,3.11,9460.05,18978.93
Tyler,US0259 L,2.61,6,91.75,91.75,3.83,3802.32,157.31
Tyler,US0259 R,2.07,8,72.82,81.69,3.24,4325.29,12644.07
Tyler,US0287 K,0.17,1,100.0,100.0,3.2,2909.0,120.0
Waco,BU0077LL,13.03,31,87.11,90.96,3.31,5741.41,1673.43
Waco,BU0077LR,13.88,33,88.73,90.33,3.44,5473.16,1551.92
Waco,BU0077LX,2.99,14,91.09,91.32,2.77,1194.77,535.32
Waco,BU0190EK,0.35,6,44.67,100.0,2.2,10451.5,15.83
Waco,FM0185 K,0.5,1,0.0,0.0,2.95,8406.0,6895.0
Waco,FM0434 R,0.13,1,33.0,100.0,2.0,6193.0,564.0
Waco,FM0934 K,0.5,1,89.0,100.0,2.48,512.0,108.0
Waco,FM0935 K,0.15,3,34.51,100.0,1.52,1142.78,266.24
Waco,FM0939 K,0.16,1,100.0,100.0,2.78,799.0,3.0
Waco,FM1237 K,0.77,6,72.5,96.5,2.27,1857.0,704.5
Waco,FM1242 K,0.76,5,33.2,81.0,1.68,1407.4,131.0
Waco,FM1695 K,0.19,1,1.0,100.0,0.8,28555.0,6.0
Waco,FM1741 L,0.14,1,61.0,100.0,2.54,16925.0,4.0
Waco,FM1858 R,0.68,2,55.0,97.0,1.97,1209.5,39.0
Waco,FM2113 K,1.48,8,96.02,100.0,3.37,4460.17,1931.61
Waco,FM2268 K,3.28,12,83.29,98.48,2.71,1051.99,273.18
Waco,FM2417 L,2.38,7,19.42,81.4,1.75,4425.8,362.18
Waco,FM2417 R,2.71,8,30.44,76.45,2.04,4508.16,337.68
Waco,FM2670 K,2.5,5,92.2,97.8,2.66,1077.8,14.0
Waco,FM2837 K,0.45,5,74.62,100.0,2.75,3747.93,126.2
Waco,FM2959 K,2.0,4,91.0,100.0,2.4,466.25,1762.0
Waco,FM3481 K,0.51,1,0.0,0.0,3.03,3932.0,0.0
Waco,IH0035 A,471.63,983,81.04,88.01,3.14,3356.76,1467.22
Waco,IH0035 L,919.66,1954,87.77,88.94,3.88,36926.15,1583.36
Waco,IH0035 R,923.78,1973,90.57,92.03,3.9,36792.36,1602.87
Waco,IH0035 X,534.56,1144,77.66,86.05,3.15,4658.51,1527.18
Waco,IH0035EL,23.53,52,97.32,97.91,4.02,17950.26,38.01
Waco,IH0035ER,17.64,39,93.88,93.9,4.13,18511.6,44.94
Waco,SH0006 A,18.32,35,88.55,98.52,3.28,12970.36,2851.23
Waco,SH0006 L,1.5,3,31.0,31.0,4.1,10490.33,2345.33
Waco,SH0006 R,4.5,9,77.78,77.78,4.24,14028.0,2652.22
Waco,SH0006 X,21.72,38,95.01,98.71,3.55,15292.2,2955.76
Waco,SH0009 R,3.22,5,97.0,97.0,4.18,7086.8,39.2
Waco,SH0022 K,17.81,41,66.6,87.39,2.83,11481.97,6068.23
Waco,SH0031 L,18.08,37,93.22,93.22,4.06,2672.83,0.2
Waco,SH0036 A,6.28,11,95.7,98.25,3.78,5954.24,537.91
Waco,SH0036 K,1.42,4,55.16,55.16,3.46,8884.86,8182.07
Waco,SH0036 X,1.86,6,100.0,100.0,3.6,7683.97,204.8
Waco,SH0053 K,0.18,3,64.86,100.0,2.59,9531.86,76.14
Waco,SH0081 K,3.13,7,73.01,73.01,3.83,2007.22,1599.76
Waco,SH0081 L,2.8,5,95.72,98.57,3.13,1290.06,156.94
Waco,SH0081 R,2.38,6,76.82,93.79,2.38,2067.95,263.22
Waco,SH0081 X,4.39,12,64.83,66.96,2.29,121.55,815.74
Waco,SH0095 K,0.5,1,0.0,0.0,2.58,5782.0,13.0
Waco,SH0201 X,0.23,1,100.0,100.0,4.22,80.0,212.0
Waco,SL0002 L,3.56,8,1.29,43.83,0.49,7749.61,136.57
Waco,SL0002 R,0.22,2,99.5,100.0,3.5,7674.0,33.0
Waco,SL0363 A,6.94,20,100.0,100.0,3.96,499.0,49.76
Waco,SL0363 K,9.7,20,99.85,100.0,3.74,15409.43,2632.02
Waco,SL0363 L,15.74,41,100.0,100.0,3.7,6459.64,58.49
Waco,SL0363 R,18.61,46,98.95,98.95,3.77,6438.5,59.96
Waco,SL0363 X,6.35,20,99.09,99.23,3.78,499.0,45.21
Waco,SL0396 L,0.73,2,36.26,61.68,2.42,8799.99,1950.08
Waco,SL0396 R,0.35,1,49.0,88.0,2.45,7569.0,8578.0
Waco,SL0484 X,4.0,8,87.12,87.12,2.94,1969.0,804.88
Waco,SL0574 L,7.84,24,99.99,99.99,4.09,2259.7,0.0
Waco,SL0574 R,7.85,25,99.47,99.47,4.06,2260.13,0.0
Waco,SS0290 K,0.59,3,98.0,100.0,3.22,5414.33,19.33
Waco,SS0290 L,2.61,6,100.0,100.0,3.47,2806.18,21.58
Waco,SS0290 R,4.32,10,98.9,98.9,3.52,3069.51,10844.72
Waco,SS0299 K,0.03,3,100.0,100.0,3.97,3935.0,1.0
Waco,SS0299 L,0.11,1,62.0,96.0,2.6,3773.0,91.0
Waco,SS0299 R,0.4,2,29.0,73.5,1.65,3778.5,100.5
Waco,SS0579 L,2.91,9,77.76,85.39,3.03,1987.7,116.56
Waco,SS0579 R,3.43,12,81.92,81.92,3.25,1943.47,99.68
Waco,US0084 A,1.9,8,51.39,93.29,1.96,2309.01,319.95
Waco,US0084 L,11.63,24,82.72,93.51,3.22,12688.84,1312.04
Waco,US0084 R,6.53,14,64.32,83.97,2.82,9067.29,1247.02
Waco,US0084 X,8.98,25,82.75,91.85,3.2,3696.5,1032.66
Waco,US0190 K,0.34,6,32.0,72.33,2.1,16708.67,0.0
Wichita Falls,BU0287FK,57.9,141,69.63,81.88,2.85,5200.39,3724.32
Wichita Falls,BU0287FL,14.45,29,84.92,84.92,4.29,771.5,445.26
Wichita Falls,BU0287FR,24.78,49,82.18,82.32,3.64,835.78,454.4
Wichita Falls,BU0287JK,72.68,141,72.4,86.23,2.85,6869.68,3688.4
Wichita Falls,FM0051 K,0.0,1,99.0,99.0,3.3,2400.0,508.0
Wichita Falls,FM0171 K,0.06,1,41.0,97.0,1.7,5072.0,0.0
Wichita Falls,FM0369 L,9.08,27,58.26,94.34,2.41,7206.37,271.87
Wichita Falls,FM0369 R,9.11,27,41.83,97.06,2.01,7205.31,301.76
Wichita Falls,FM0372 K,60.84,144,76.13,80.33,3.04,7106.3,2524.03
Wichita Falls,FM0677 K,1.04,2,50.0,50.0,3.03,276.0,50.5
Wichita Falls,FM0890 K,0.62,6,19.67,95.67,0.82,3643.83,519.0
Wichita Falls,FM2380 K,0.03,6,55.0,100.0,2.42,4143.33,0.67
Wichita Falls,FM3002 K,0.5,1,0.0,0.0,2.66,2672.0,99.0
Wichita Falls,FM3492 L,0.17,2,64.5,100.0,2.1,585.0,88.5
Wichita Falls,FM3492 R,0.17,2,31.0,81.0,1.65,585.0,88.5
Wichita Falls,IH0035 A,17.65,38,94.45,96.01,3.48,9065.98,408.17
Wichita Falls,IH0035 L,617.51,1348,94.02,96.52,3.57,18361.55,1036.66
Wichita Falls,IH0035 R,600.1,1279,93.18,93.95,3.82,18364.3,1060.82
Wichita Falls,IH0035 X,113.44,238,88.82,89.6,3.14,2469.88,1035.69
Wichita Falls,IH0044 A,28.99,58,80.63,85.33,2.63,525.89,1837.98
Wichita Falls,IH0044 L,49.38,104,83.42,84.54,3.55,16531.08,1659.57
Wichita Falls,IH0044 R,64.53,139,83.85,87.81,3.45,14749.54,1767.61
Wichita Falls,IH0044 X,34.58,69,52.32,67.03,2.29,736.72,2208.94
Wichita Falls,SH0079 K,3.5,7,79.86,95.14,3.04,4613.86,166.71
Wichita Falls,SH0079 L,11.28,36,42.29,77.19,2.19,6719.61,235.16
Wichita Falls,SH0079 R,11.2,34,27.3,50.48,2.24,7505.26,79.31
Wichita Falls,SH0079 X,3.28,8,89.97,91.46,2.92,699.96,1708.57
Wichita Falls,SH0114 K,20.02,40,60.0,60.0,2.4,1500.0,160.3
Wichita Falls,SH0148 K,0.97,8,89.67,96.95,2.64,708.1,37.8
Wichita Falls,SL0047 K,28.13,62,93.71,93.71,3.08,64.72,39.29
Wichita Falls,SL0267 K,55.56,134,79.41,83.22,3.21,4006.06,2582.61
Wichita Falls,SL0488 K,0.16,6,66.17,88.17,2.23,2243.0,0.0
Wichita Falls,SS0325 R,12.07,33,79.26,85.85,3.41,8436.16,1651.04
Wichita Falls,SS0447 L,27.63,62,59.92,87.28,2.26,4200.89,167.65
Wichita Falls,SS0447 R,26.53,59,65.2,89.94,2.29,4044.29,183.54
Wichita Falls,US0070 K,336.47,700,91.72,91.82,3.85,2162.33,535.28
Wichita Falls,US0070 L,173.83,379,88.58,92.33,3.44,6217.3,858.31
Wichita Falls,US0070 R,248.01,549,88.02,94.26,3.29,6542.83,858.05
Wichita Falls,US0070 X,2.06,6,91.48,92.23,3.06,2486.28,961.63
Wichita Falls,US0081 K,5.51,12,88.79,90.8,3.35,8005.86,7277.63
Wichita Falls,US0081 L,238.21,471,77.0,85.61,3.48,9217.09,1387.81
Wichita Falls,US0081 R,240.89,490,79.39,87.29,3.45,9385.5,1380.48
Wichita Falls,US0082 A,79.0,206,57.27,92.56,2.31,3908.25,1103.6
Wichita Falls,US0082 L,239.3,513,72.52,84.77,2.94,15297.65,1274.76
Wichita Falls,US0082 R,260.28,555,73.9,84.83,2.93,14375.3,1303.75
Wichita Falls,US0082 X,125.59,286,51.1,89.4,2.24,7117.41,1042.24
Wichita Falls,US0183 K,77.31,165,78.3,83.42,3.35,3020.16,3410.53
Wichita Falls,US0277 A,0.6,3,0.0,21.67,1.13,99.0,54.33
Wichita Falls,US0277 L,4.34,9,58.76,66.45,2.98,28854.5,466.4
Wichita Falls,US0277 R,4.34,9,53.55,66.44,2.81,28853.83,466.58
Wichita Falls,US0281 A,4.0,8,18.0,50.25,1.76,4037.12,3291.5
Wichita Falls,US0281 K,1.63,28,71.97,75.6,3.25,6585.31,674.44
Wichita Falls,US0281 L,87.57,176,81.66,87.63,3.42,8353.33,2414.91
Wichita Falls,US0281 R,87.52,176,86.34,89.46,3.66,8351.55,2414.39
Wichita Falls,US0281 X,16.0,32,55.91,65.47,2.4,2259.94,3268.25
Wichita Falls,US0283 K,3.02,7,60.04,60.04,3.52,1800.23,2241.21
Wichita Falls,US0287 A,40.06,149,78.08,79.44,2.82,150.51,385.55
Wichita Falls,US0287 K,0.5,1,56.0,56.0,4.5,14800.0,11.0
Wichita Falls,US0287 L,1011.54,2231,81.46,84.42,3.81,6598.27,1029.28
Wichita Falls,US0287 R,684.55,1500,81.38,84.77,3.86,6517.79,1215.97
Wichita Falls,US0380 K,1.01,2,100.0,100.0,5.0,1083.5,8.5
Yoakum,BS0071EK,1.0,2,91.5,91.5,3.65,10403.5,298.5
Yoakum,BU0077SK,0.0,1,100.0,100.0,2.9,1839.0,0.0
Yoakum,FM0521 K,4.49,9,81.3,81.3,4.04,1251.56,59.66
Yoakum,FM0616 K,0.03,4,33.5,77.75,1.7,1057.25,17.0
Yoakum,FM2031 K,0.5,1,0.0,0.0,2.61,822.0,202.0
Yoakum,FM3538 K,1.0,2,99.5,100.0,3.23,3375.0,18634.5
Yoakum,IH0010 A,50.28,109,90.9,91.6,3.82,1626.26,24.43
Yoakum,IH0010 L,48.52,97,98.05,98.05,4.07,25516.45,17.93
Yoakum,IH0010 R,53.4,107,97.55,97.56,4.14,25278.24,36.45
Yoakum,IH0010 X,49.36,101,97.32,97.35,4.03,1702.25,15.89
Yoakum,SH0035 L,6.35,13,69.95,69.95,4.24,9810.37,236.89
Yoakum,SH0035 R,4.85,10,51.58,51.58,3.72,9257.67,260.06
Yoakum,SH0071 K,10.76,51,44.77,78.25,2.4,10172.19,1269.99
Yoakum,SH0071 L,131.45,323,79.74,85.28,3.36,5598.88,1043.63
Yoakum,SH0071 R,628.7,1402,73.89,85.43,3.09,4945.73,1004.3
Yoakum,SH0111 K,1.62,6,82.48,98.74,2.91,5049.68,25965.31
Yoakum,US0059 A,6.38,16,46.08,76.39,1.74,1221.74,2228.07
Yoakum,US0059 L,15.92,38,73.88,83.61,3.3,8301.44,285.16
Yoakum,US0059 R,15.32,36,75.05,84.5,3.28,8285.4,310.56
Yoakum,US0059 X,4.95,10,69.78,89.86,2.14,628.02,5198.11
Yoakum,US0077 K,6.77,13,98.46,98.46,4.3,12559.5,5771.39
Yoakum,US0077 L,2.0,4,100.0,100.0,4.1,9127.5,77.25
Yoakum,US0077 R,1.0,2,100.0,100.0,4.15,9023.0,66.0
Yoakum,US0087 K,1.87,4,76.27,100.0,2.8,15476.15,824.06
